Injection,Layer,TensorIndex,Bit
0,backbone.layer1.0.conv2,"(53, 54, 2, 0)",4
1,backbone.layer1.0.conv2,"(46, 59, 1, 0)",10
2,backbone.layer1.0.conv3,"(176, 41, 0, 0)",19
3,backbone.layer1.0.downsample.0,"(242, 51, 0, 0)",31
4,backbone.layer1.1.conv1,"(18, 223, 0, 0)",24
5,backbone.layer1.1.conv2,"(47, 3, 0, 1)",6
6,backbone.layer1.1.conv2,"(32, 14, 2, 0)",29
7,backbone.layer1.1.conv3,"(44, 15, 0, 0)",11
8,backbone.layer1.2.conv1,"(45, 232, 0, 0)",18
9,backbone.layer1.2.conv2,"(33, 22, 1, 1)",10
10,backbone.layer1.2.conv2,"(47, 10, 0, 2)",15
11,backbone.layer1.2.conv3,"(155, 3, 0, 0)",15
12,backbone.layer2.0.conv1,"(93, 34, 0, 0)",2
13,backbone.layer2.0.conv2,"(56, 96, 0, 2)",28
14,backbone.layer2.0.conv2,"(16, 41, 2, 2)",2
15,backbone.layer2.0.conv2,"(113, 1, 0, 1)",8
16,backbone.layer2.0.conv2,"(67, 50, 0, 1)",16
17,backbone.layer2.0.conv2,"(6, 21, 1, 2)",13
18,backbone.layer2.0.conv2,"(72, 66, 0, 1)",11
19,backbone.layer2.0.conv3,"(21, 76, 0, 0)",2
20,backbone.layer2.0.conv3,"(96, 19, 0, 0)",18
21,backbone.layer2.0.conv3,"(6, 104, 0, 0)",30
22,backbone.layer2.0.downsample.0,"(450, 162, 0, 0)",25
23,backbone.layer2.0.downsample.0,"(110, 165, 0, 0)",1
24,backbone.layer2.0.downsample.0,"(248, 108, 0, 0)",11
25,backbone.layer2.0.downsample.0,"(121, 187, 0, 0)",29
26,backbone.layer2.0.downsample.0,"(56, 205, 0, 0)",12
27,backbone.layer2.0.downsample.0,"(229, 180, 0, 0)",9
28,backbone.layer2.1.conv1,"(66, 351, 0, 0)",3
29,backbone.layer2.1.conv1,"(98, 335, 0, 0)",17
30,backbone.layer2.1.conv1,"(111, 127, 0, 0)",28
31,backbone.layer2.1.conv2,"(114, 60, 0, 2)",23
32,backbone.layer2.1.conv2,"(34, 117, 2, 1)",16
33,backbone.layer2.1.conv2,"(70, 58, 1, 2)",7
34,backbone.layer2.1.conv2,"(19, 89, 1, 2)",19
35,backbone.layer2.1.conv2,"(68, 40, 2, 1)",0
36,backbone.layer2.1.conv2,"(9, 1, 0, 2)",21
37,backbone.layer2.1.conv3,"(269, 31, 0, 0)",2
38,backbone.layer2.1.conv3,"(296, 8, 0, 0)",15
39,backbone.layer2.1.conv3,"(425, 14, 0, 0)",10
40,backbone.layer2.2.conv1,"(95, 429, 0, 0)",10
41,backbone.layer2.2.conv1,"(75, 440, 0, 0)",2
42,backbone.layer2.2.conv1,"(117, 261, 0, 0)",17
43,backbone.layer2.2.conv2,"(126, 0, 2, 0)",1
44,backbone.layer2.2.conv2,"(68, 67, 2, 0)",0
45,backbone.layer2.2.conv2,"(81, 21, 0, 2)",27
46,backbone.layer2.2.conv2,"(97, 37, 2, 1)",7
47,backbone.layer2.2.conv2,"(75, 48, 0, 2)",11
48,backbone.layer2.2.conv2,"(73, 61, 1, 2)",5
49,backbone.layer2.2.conv3,"(18, 18, 0, 0)",24
50,backbone.layer2.2.conv3,"(165, 41, 0, 0)",19
51,backbone.layer2.2.conv3,"(31, 86, 0, 0)",15
52,backbone.layer2.3.conv1,"(26, 77, 0, 0)",8
53,backbone.layer2.3.conv1,"(37, 57, 0, 0)",1
54,backbone.layer2.3.conv1,"(35, 155, 0, 0)",2
55,backbone.layer2.3.conv2,"(100, 65, 0, 0)",2
56,backbone.layer2.3.conv2,"(118, 65, 1, 0)",30
57,backbone.layer2.3.conv2,"(8, 60, 1, 1)",28
58,backbone.layer2.3.conv2,"(42, 29, 1, 1)",9
59,backbone.layer2.3.conv2,"(43, 86, 0, 2)",15
60,backbone.layer2.3.conv2,"(10, 10, 0, 2)",0
61,backbone.layer2.3.conv3,"(170, 87, 0, 0)",28
62,backbone.layer2.3.conv3,"(484, 25, 0, 0)",14
63,backbone.layer2.3.conv3,"(427, 18, 0, 0)",7
64,backbone.layer3.0.conv1,"(118, 419, 0, 0)",2
65,backbone.layer3.0.conv1,"(168, 484, 0, 0)",3
66,backbone.layer3.0.conv1,"(51, 132, 0, 0)",23
67,backbone.layer3.0.conv1,"(187, 39, 0, 0)",21
68,backbone.layer3.0.conv1,"(208, 4, 0, 0)",17
69,backbone.layer3.0.conv1,"(1, 87, 0, 0)",18
70,backbone.layer3.0.conv2,"(202, 170, 0, 0)",25
71,backbone.layer3.0.conv2,"(112, 135, 1, 2)",30
72,backbone.layer3.0.conv2,"(64, 71, 0, 0)",10
73,backbone.layer3.0.conv2,"(51, 58, 0, 1)",13
74,backbone.layer3.0.conv2,"(255, 193, 0, 0)",23
75,backbone.layer3.0.conv2,"(36, 19, 1, 0)",2
76,backbone.layer3.0.conv2,"(6, 61, 2, 0)",25
77,backbone.layer3.0.conv2,"(233, 48, 1, 2)",29
78,backbone.layer3.0.conv2,"(187, 249, 0, 2)",28
79,backbone.layer3.0.conv2,"(64, 205, 2, 2)",26
80,backbone.layer3.0.conv2,"(94, 189, 0, 1)",13
81,backbone.layer3.0.conv2,"(234, 19, 1, 2)",7
82,backbone.layer3.0.conv2,"(199, 128, 2, 1)",25
83,backbone.layer3.0.conv2,"(9, 223, 0, 0)",7
84,backbone.layer3.0.conv2,"(17, 150, 1, 2)",13
85,backbone.layer3.0.conv2,"(198, 187, 1, 2)",26
86,backbone.layer3.0.conv2,"(142, 203, 0, 2)",2
87,backbone.layer3.0.conv2,"(154, 96, 1, 2)",19
88,backbone.layer3.0.conv2,"(134, 80, 0, 1)",12
89,backbone.layer3.0.conv2,"(40, 235, 1, 1)",12
90,backbone.layer3.0.conv2,"(133, 122, 1, 1)",18
91,backbone.layer3.0.conv2,"(98, 153, 0, 1)",30
92,backbone.layer3.0.conv2,"(69, 27, 0, 1)",20
93,backbone.layer3.0.conv2,"(74, 202, 2, 1)",19
94,backbone.layer3.0.conv2,"(188, 9, 2, 2)",2
95,backbone.layer3.0.conv2,"(67, 228, 0, 1)",18
96,backbone.layer3.0.conv3,"(817, 238, 0, 0)",2
97,backbone.layer3.0.conv3,"(103, 15, 0, 0)",10
98,backbone.layer3.0.conv3,"(194, 22, 0, 0)",8
99,backbone.layer3.0.conv3,"(472, 180, 0, 0)",21
100,backbone.layer3.0.conv3,"(871, 213, 0, 0)",1
101,backbone.layer3.0.conv3,"(82, 237, 0, 0)",19
102,backbone.layer3.0.conv3,"(225, 57, 0, 0)",24
103,backbone.layer3.0.conv3,"(68, 189, 0, 0)",23
104,backbone.layer3.0.conv3,"(437, 230, 0, 0)",24
105,backbone.layer3.0.conv3,"(378, 111, 0, 0)",7
106,backbone.layer3.0.conv3,"(401, 154, 0, 0)",25
107,backbone.layer3.0.conv3,"(58, 163, 0, 0)",0
108,backbone.layer3.0.downsample.0,"(467, 290, 0, 0)",25
109,backbone.layer3.0.downsample.0,"(314, 428, 0, 0)",3
110,backbone.layer3.0.downsample.0,"(425, 193, 0, 0)",0
111,backbone.layer3.0.downsample.0,"(303, 441, 0, 0)",23
112,backbone.layer3.0.downsample.0,"(691, 69, 0, 0)",11
113,backbone.layer3.0.downsample.0,"(913, 470, 0, 0)",24
114,backbone.layer3.0.downsample.0,"(222, 256, 0, 0)",4
115,backbone.layer3.0.downsample.0,"(74, 292, 0, 0)",31
116,backbone.layer3.0.downsample.0,"(586, 240, 0, 0)",5
117,backbone.layer3.0.downsample.0,"(888, 57, 0, 0)",5
118,backbone.layer3.0.downsample.0,"(24, 70, 0, 0)",13
119,backbone.layer3.0.downsample.0,"(306, 386, 0, 0)",10
120,backbone.layer3.0.downsample.0,"(402, 369, 0, 0)",28
121,backbone.layer3.0.downsample.0,"(863, 379, 0, 0)",15
122,backbone.layer3.0.downsample.0,"(352, 257, 0, 0)",17
123,backbone.layer3.0.downsample.0,"(786, 23, 0, 0)",22
124,backbone.layer3.0.downsample.0,"(629, 58, 0, 0)",29
125,backbone.layer3.0.downsample.0,"(476, 389, 0, 0)",19
126,backbone.layer3.0.downsample.0,"(969, 83, 0, 0)",15
127,backbone.layer3.0.downsample.0,"(743, 399, 0, 0)",30
128,backbone.layer3.0.downsample.0,"(656, 386, 0, 0)",30
129,backbone.layer3.0.downsample.0,"(188, 15, 0, 0)",21
130,backbone.layer3.0.downsample.0,"(558, 25, 0, 0)",14
131,backbone.layer3.1.conv1,"(102, 602, 0, 0)",4
132,backbone.layer3.1.conv1,"(168, 264, 0, 0)",4
133,backbone.layer3.1.conv1,"(245, 763, 0, 0)",19
134,backbone.layer3.1.conv1,"(37, 969, 0, 0)",21
135,backbone.layer3.1.conv1,"(54, 960, 0, 0)",18
136,backbone.layer3.1.conv1,"(135, 19, 0, 0)",29
137,backbone.layer3.1.conv1,"(189, 631, 0, 0)",2
138,backbone.layer3.1.conv1,"(208, 704, 0, 0)",20
139,backbone.layer3.1.conv1,"(210, 907, 0, 0)",23
140,backbone.layer3.1.conv1,"(135, 405, 0, 0)",7
141,backbone.layer3.1.conv1,"(81, 251, 0, 0)",2
142,backbone.layer3.1.conv1,"(187, 420, 0, 0)",21
143,backbone.layer3.1.conv2,"(114, 247, 1, 0)",29
144,backbone.layer3.1.conv2,"(226, 227, 0, 1)",30
145,backbone.layer3.1.conv2,"(254, 160, 1, 1)",30
146,backbone.layer3.1.conv2,"(207, 142, 0, 0)",11
147,backbone.layer3.1.conv2,"(225, 206, 2, 2)",7
148,backbone.layer3.1.conv2,"(232, 7, 0, 1)",4
149,backbone.layer3.1.conv2,"(151, 253, 0, 2)",3
150,backbone.layer3.1.conv2,"(235, 173, 2, 0)",26
151,backbone.layer3.1.conv2,"(40, 223, 1, 0)",10
152,backbone.layer3.1.conv2,"(228, 143, 0, 1)",5
153,backbone.layer3.1.conv2,"(157, 165, 0, 1)",12
154,backbone.layer3.1.conv2,"(235, 236, 0, 1)",1
155,backbone.layer3.1.conv2,"(99, 88, 0, 1)",20
156,backbone.layer3.1.conv2,"(97, 58, 2, 0)",11
157,backbone.layer3.1.conv2,"(237, 110, 1, 0)",17
158,backbone.layer3.1.conv2,"(1, 70, 0, 1)",29
159,backbone.layer3.1.conv2,"(133, 171, 1, 2)",10
160,backbone.layer3.1.conv2,"(3, 70, 1, 2)",0
161,backbone.layer3.1.conv2,"(59, 79, 1, 2)",29
162,backbone.layer3.1.conv2,"(86, 175, 0, 1)",6
163,backbone.layer3.1.conv2,"(193, 240, 1, 1)",16
164,backbone.layer3.1.conv2,"(240, 172, 0, 2)",30
165,backbone.layer3.1.conv2,"(239, 153, 0, 1)",23
166,backbone.layer3.1.conv2,"(59, 220, 1, 2)",29
167,backbone.layer3.1.conv2,"(65, 165, 1, 2)",9
168,backbone.layer3.1.conv2,"(24, 122, 1, 1)",25
169,backbone.layer3.1.conv3,"(290, 137, 0, 0)",18
170,backbone.layer3.1.conv3,"(206, 10, 0, 0)",18
171,backbone.layer3.1.conv3,"(51, 149, 0, 0)",24
172,backbone.layer3.1.conv3,"(857, 173, 0, 0)",5
173,backbone.layer3.1.conv3,"(664, 51, 0, 0)",23
174,backbone.layer3.1.conv3,"(757, 79, 0, 0)",8
175,backbone.layer3.1.conv3,"(152, 29, 0, 0)",26
176,backbone.layer3.1.conv3,"(293, 153, 0, 0)",30
177,backbone.layer3.1.conv3,"(697, 20, 0, 0)",21
178,backbone.layer3.1.conv3,"(936, 69, 0, 0)",17
179,backbone.layer3.1.conv3,"(358, 76, 0, 0)",24
180,backbone.layer3.1.conv3,"(358, 132, 0, 0)",21
181,backbone.layer3.2.conv1,"(72, 278, 0, 0)",25
182,backbone.layer3.2.conv1,"(230, 9, 0, 0)",26
183,backbone.layer3.2.conv1,"(112, 198, 0, 0)",6
184,backbone.layer3.2.conv1,"(158, 581, 0, 0)",7
185,backbone.layer3.2.conv1,"(90, 448, 0, 0)",6
186,backbone.layer3.2.conv1,"(143, 467, 0, 0)",9
187,backbone.layer3.2.conv1,"(244, 226, 0, 0)",31
188,backbone.layer3.2.conv1,"(225, 341, 0, 0)",22
189,backbone.layer3.2.conv1,"(36, 640, 0, 0)",28
190,backbone.layer3.2.conv1,"(9, 773, 0, 0)",22
191,backbone.layer3.2.conv1,"(212, 637, 0, 0)",23
192,backbone.layer3.2.conv1,"(114, 761, 0, 0)",11
193,backbone.layer3.2.conv2,"(133, 157, 1, 1)",3
194,backbone.layer3.2.conv2,"(0, 110, 0, 0)",5
195,backbone.layer3.2.conv2,"(45, 79, 2, 0)",31
196,backbone.layer3.2.conv2,"(49, 172, 1, 0)",2
197,backbone.layer3.2.conv2,"(138, 200, 0, 1)",24
198,backbone.layer3.2.conv2,"(38, 124, 2, 2)",1
199,backbone.layer3.2.conv2,"(246, 13, 0, 1)",26
200,backbone.layer3.2.conv2,"(193, 75, 2, 1)",13
201,backbone.layer3.2.conv2,"(189, 51, 2, 0)",15
202,backbone.layer3.2.conv2,"(247, 250, 2, 1)",18
203,backbone.layer3.2.conv2,"(93, 18, 1, 0)",27
204,backbone.layer3.2.conv2,"(83, 50, 0, 2)",15
205,backbone.layer3.2.conv2,"(241, 87, 1, 2)",30
206,backbone.layer3.2.conv2,"(160, 17, 2, 2)",3
207,backbone.layer3.2.conv2,"(141, 188, 1, 1)",8
208,backbone.layer3.2.conv2,"(95, 91, 0, 2)",28
209,backbone.layer3.2.conv2,"(233, 191, 2, 1)",5
210,backbone.layer3.2.conv2,"(141, 16, 2, 1)",30
211,backbone.layer3.2.conv2,"(224, 225, 1, 0)",29
212,backbone.layer3.2.conv2,"(110, 219, 0, 0)",28
213,backbone.layer3.2.conv2,"(242, 63, 0, 0)",12
214,backbone.layer3.2.conv2,"(4, 89, 0, 2)",14
215,backbone.layer3.2.conv2,"(193, 241, 0, 2)",27
216,backbone.layer3.2.conv2,"(118, 110, 1, 0)",26
217,backbone.layer3.2.conv2,"(32, 116, 0, 2)",1
218,backbone.layer3.2.conv2,"(210, 65, 0, 1)",10
219,backbone.layer3.2.conv3,"(806, 102, 0, 0)",31
220,backbone.layer3.2.conv3,"(512, 193, 0, 0)",31
221,backbone.layer3.2.conv3,"(626, 146, 0, 0)",2
222,backbone.layer3.2.conv3,"(806, 21, 0, 0)",13
223,backbone.layer3.2.conv3,"(704, 86, 0, 0)",11
224,backbone.layer3.2.conv3,"(90, 25, 0, 0)",8
225,backbone.layer3.2.conv3,"(324, 157, 0, 0)",27
226,backbone.layer3.2.conv3,"(718, 122, 0, 0)",8
227,backbone.layer3.2.conv3,"(123, 149, 0, 0)",20
228,backbone.layer3.2.conv3,"(51, 231, 0, 0)",6
229,backbone.layer3.2.conv3,"(198, 168, 0, 0)",31
230,backbone.layer3.2.conv3,"(649, 16, 0, 0)",7
231,backbone.layer3.3.conv1,"(195, 753, 0, 0)",18
232,backbone.layer3.3.conv1,"(215, 369, 0, 0)",18
233,backbone.layer3.3.conv1,"(51, 667, 0, 0)",1
234,backbone.layer3.3.conv1,"(0, 991, 0, 0)",12
235,backbone.layer3.3.conv1,"(1, 438, 0, 0)",18
236,backbone.layer3.3.conv1,"(54, 487, 0, 0)",4
237,backbone.layer3.3.conv1,"(190, 767, 0, 0)",15
238,backbone.layer3.3.conv1,"(178, 551, 0, 0)",4
239,backbone.layer3.3.conv1,"(228, 413, 0, 0)",19
240,backbone.layer3.3.conv1,"(128, 423, 0, 0)",4
241,backbone.layer3.3.conv1,"(167, 929, 0, 0)",14
242,backbone.layer3.3.conv1,"(20, 257, 0, 0)",9
243,backbone.layer3.3.conv2,"(145, 56, 2, 1)",30
244,backbone.layer3.3.conv2,"(149, 221, 0, 2)",19
245,backbone.layer3.3.conv2,"(119, 39, 0, 0)",21
246,backbone.layer3.3.conv2,"(159, 239, 1, 2)",10
247,backbone.layer3.3.conv2,"(194, 251, 2, 0)",29
248,backbone.layer3.3.conv2,"(251, 14, 0, 2)",12
249,backbone.layer3.3.conv2,"(88, 90, 0, 0)",19
250,backbone.layer3.3.conv2,"(149, 97, 1, 2)",4
251,backbone.layer3.3.conv2,"(203, 216, 0, 2)",17
252,backbone.layer3.3.conv2,"(8, 153, 1, 0)",4
253,backbone.layer3.3.conv2,"(174, 35, 2, 1)",29
254,backbone.layer3.3.conv2,"(0, 120, 2, 2)",14
255,backbone.layer3.3.conv2,"(205, 234, 1, 2)",0
256,backbone.layer3.3.conv2,"(218, 218, 0, 1)",13
257,backbone.layer3.3.conv2,"(251, 183, 2, 2)",12
258,backbone.layer3.3.conv2,"(152, 141, 2, 2)",29
259,backbone.layer3.3.conv2,"(203, 247, 1, 2)",30
260,backbone.layer3.3.conv2,"(222, 232, 2, 2)",24
261,backbone.layer3.3.conv2,"(90, 156, 1, 2)",11
262,backbone.layer3.3.conv2,"(40, 147, 2, 2)",26
263,backbone.layer3.3.conv2,"(205, 73, 2, 1)",22
264,backbone.layer3.3.conv2,"(45, 67, 1, 1)",21
265,backbone.layer3.3.conv2,"(136, 74, 2, 1)",6
266,backbone.layer3.3.conv2,"(138, 147, 0, 2)",31
267,backbone.layer3.3.conv2,"(218, 206, 2, 2)",6
268,backbone.layer3.3.conv2,"(228, 26, 1, 0)",0
269,backbone.layer3.3.conv3,"(256, 90, 0, 0)",23
270,backbone.layer3.3.conv3,"(275, 51, 0, 0)",29
271,backbone.layer3.3.conv3,"(722, 196, 0, 0)",10
272,backbone.layer3.3.conv3,"(257, 29, 0, 0)",20
273,backbone.layer3.3.conv3,"(314, 29, 0, 0)",28
274,backbone.layer3.3.conv3,"(896, 228, 0, 0)",30
275,backbone.layer3.3.conv3,"(863, 174, 0, 0)",26
276,backbone.layer3.3.conv3,"(598, 24, 0, 0)",13
277,backbone.layer3.3.conv3,"(395, 17, 0, 0)",30
278,backbone.layer3.3.conv3,"(904, 198, 0, 0)",21
279,backbone.layer3.3.conv3,"(795, 124, 0, 0)",10
280,backbone.layer3.3.conv3,"(1002, 161, 0, 0)",28
281,backbone.layer3.4.conv1,"(106, 915, 0, 0)",14
282,backbone.layer3.4.conv1,"(98, 628, 0, 0)",23
283,backbone.layer3.4.conv1,"(0, 146, 0, 0)",9
284,backbone.layer3.4.conv1,"(116, 720, 0, 0)",20
285,backbone.layer3.4.conv1,"(201, 546, 0, 0)",10
286,backbone.layer3.4.conv1,"(72, 950, 0, 0)",27
287,backbone.layer3.4.conv1,"(133, 0, 0, 0)",9
288,backbone.layer3.4.conv1,"(169, 638, 0, 0)",30
289,backbone.layer3.4.conv1,"(136, 646, 0, 0)",17
290,backbone.layer3.4.conv1,"(197, 543, 0, 0)",1
291,backbone.layer3.4.conv1,"(131, 759, 0, 0)",19
292,backbone.layer3.4.conv1,"(206, 390, 0, 0)",4
293,backbone.layer3.4.conv2,"(242, 32, 1, 0)",8
294,backbone.layer3.4.conv2,"(192, 151, 2, 2)",27
295,backbone.layer3.4.conv2,"(157, 87, 1, 0)",12
296,backbone.layer3.4.conv2,"(99, 19, 0, 2)",30
297,backbone.layer3.4.conv2,"(154, 6, 1, 0)",4
298,backbone.layer3.4.conv2,"(90, 81, 2, 2)",21
299,backbone.layer3.4.conv2,"(121, 243, 0, 1)",9
300,backbone.layer3.4.conv2,"(190, 177, 0, 2)",8
301,backbone.layer3.4.conv2,"(29, 66, 0, 1)",10
302,backbone.layer3.4.conv2,"(108, 161, 1, 0)",9
303,backbone.layer3.4.conv2,"(165, 48, 0, 2)",12
304,backbone.layer3.4.conv2,"(115, 113, 0, 2)",0
305,backbone.layer3.4.conv2,"(226, 172, 1, 2)",12
306,backbone.layer3.4.conv2,"(216, 200, 2, 1)",18
307,backbone.layer3.4.conv2,"(170, 240, 1, 1)",17
308,backbone.layer3.4.conv2,"(147, 202, 1, 0)",1
309,backbone.layer3.4.conv2,"(80, 210, 2, 2)",29
310,backbone.layer3.4.conv2,"(108, 1, 0, 1)",5
311,backbone.layer3.4.conv2,"(166, 150, 0, 1)",20
312,backbone.layer3.4.conv2,"(9, 130, 0, 0)",21
313,backbone.layer3.4.conv2,"(6, 134, 2, 1)",13
314,backbone.layer3.4.conv2,"(45, 18, 2, 2)",7
315,backbone.layer3.4.conv2,"(201, 175, 2, 2)",17
316,backbone.layer3.4.conv2,"(119, 84, 1, 1)",30
317,backbone.layer3.4.conv2,"(189, 75, 0, 1)",29
318,backbone.layer3.4.conv2,"(45, 209, 1, 0)",23
319,backbone.layer3.4.conv3,"(213, 169, 0, 0)",8
320,backbone.layer3.4.conv3,"(269, 197, 0, 0)",28
321,backbone.layer3.4.conv3,"(833, 111, 0, 0)",0
322,backbone.layer3.4.conv3,"(75, 133, 0, 0)",13
323,backbone.layer3.4.conv3,"(561, 209, 0, 0)",19
324,backbone.layer3.4.conv3,"(1003, 249, 0, 0)",30
325,backbone.layer3.4.conv3,"(323, 237, 0, 0)",2
326,backbone.layer3.4.conv3,"(1000, 75, 0, 0)",10
327,backbone.layer3.4.conv3,"(85, 131, 0, 0)",5
328,backbone.layer3.4.conv3,"(916, 114, 0, 0)",31
329,backbone.layer3.4.conv3,"(558, 65, 0, 0)",26
330,backbone.layer3.4.conv3,"(121, 141, 0, 0)",8
331,backbone.layer3.5.conv1,"(102, 11, 0, 0)",24
332,backbone.layer3.5.conv1,"(192, 597, 0, 0)",7
333,backbone.layer3.5.conv1,"(131, 677, 0, 0)",15
334,backbone.layer3.5.conv1,"(49, 606, 0, 0)",26
335,backbone.layer3.5.conv1,"(253, 797, 0, 0)",3
336,backbone.layer3.5.conv1,"(17, 534, 0, 0)",15
337,backbone.layer3.5.conv1,"(8, 328, 0, 0)",14
338,backbone.layer3.5.conv1,"(199, 778, 0, 0)",22
339,backbone.layer3.5.conv1,"(86, 628, 0, 0)",15
340,backbone.layer3.5.conv1,"(186, 722, 0, 0)",22
341,backbone.layer3.5.conv1,"(111, 685, 0, 0)",3
342,backbone.layer3.5.conv1,"(184, 661, 0, 0)",26
343,backbone.layer3.5.conv2,"(152, 187, 1, 2)",29
344,backbone.layer3.5.conv2,"(126, 254, 2, 2)",19
345,backbone.layer3.5.conv2,"(19, 11, 0, 0)",5
346,backbone.layer3.5.conv2,"(15, 24, 0, 0)",22
347,backbone.layer3.5.conv2,"(46, 27, 0, 1)",15
348,backbone.layer3.5.conv2,"(85, 182, 1, 0)",24
349,backbone.layer3.5.conv2,"(238, 159, 2, 2)",20
350,backbone.layer3.5.conv2,"(246, 251, 2, 1)",27
351,backbone.layer3.5.conv2,"(249, 22, 1, 1)",29
352,backbone.layer3.5.conv2,"(39, 79, 2, 1)",29
353,backbone.layer3.5.conv2,"(81, 51, 2, 0)",2
354,backbone.layer3.5.conv2,"(190, 112, 1, 1)",13
355,backbone.layer3.5.conv2,"(192, 133, 1, 2)",8
356,backbone.layer3.5.conv2,"(107, 225, 2, 2)",21
357,backbone.layer3.5.conv2,"(248, 166, 2, 2)",4
358,backbone.layer3.5.conv2,"(248, 12, 2, 0)",21
359,backbone.layer3.5.conv2,"(102, 29, 0, 0)",12
360,backbone.layer3.5.conv2,"(77, 183, 2, 0)",17
361,backbone.layer3.5.conv2,"(42, 218, 2, 2)",22
362,backbone.layer3.5.conv2,"(209, 141, 0, 0)",24
363,backbone.layer3.5.conv2,"(172, 208, 1, 1)",29
364,backbone.layer3.5.conv2,"(233, 154, 1, 1)",7
365,backbone.layer3.5.conv2,"(30, 1, 1, 0)",10
366,backbone.layer3.5.conv2,"(114, 215, 0, 2)",16
367,backbone.layer3.5.conv2,"(190, 37, 0, 1)",8
368,backbone.layer3.5.conv2,"(217, 134, 2, 0)",15
369,backbone.layer3.5.conv3,"(721, 157, 0, 0)",0
370,backbone.layer3.5.conv3,"(842, 208, 0, 0)",16
371,backbone.layer3.5.conv3,"(870, 11, 0, 0)",31
372,backbone.layer3.5.conv3,"(540, 16, 0, 0)",26
373,backbone.layer3.5.conv3,"(451, 61, 0, 0)",23
374,backbone.layer3.5.conv3,"(650, 166, 0, 0)",9
375,backbone.layer3.5.conv3,"(517, 237, 0, 0)",11
376,backbone.layer3.5.conv3,"(229, 216, 0, 0)",24
377,backbone.layer3.5.conv3,"(887, 176, 0, 0)",13
378,backbone.layer3.5.conv3,"(523, 62, 0, 0)",7
379,backbone.layer3.5.conv3,"(866, 131, 0, 0)",26
380,backbone.layer3.5.conv3,"(25, 63, 0, 0)",18
381,backbone.layer4.0.conv1,"(23, 297, 0, 0)",7
382,backbone.layer4.0.conv1,"(200, 149, 0, 0)",13
383,backbone.layer4.0.conv1,"(233, 145, 0, 0)",0
384,backbone.layer4.0.conv1,"(442, 36, 0, 0)",9
385,backbone.layer4.0.conv1,"(390, 506, 0, 0)",31
386,backbone.layer4.0.conv1,"(4, 1001, 0, 0)",0
387,backbone.layer4.0.conv1,"(425, 415, 0, 0)",14
388,backbone.layer4.0.conv1,"(273, 909, 0, 0)",26
389,backbone.layer4.0.conv1,"(103, 644, 0, 0)",25
390,backbone.layer4.0.conv1,"(213, 127, 0, 0)",9
391,backbone.layer4.0.conv1,"(104, 150, 0, 0)",1
392,backbone.layer4.0.conv1,"(260, 127, 0, 0)",7
393,backbone.layer4.0.conv1,"(116, 459, 0, 0)",10
394,backbone.layer4.0.conv1,"(489, 607, 0, 0)",11
395,backbone.layer4.0.conv1,"(130, 624, 0, 0)",20
396,backbone.layer4.0.conv1,"(375, 843, 0, 0)",12
397,backbone.layer4.0.conv1,"(41, 471, 0, 0)",26
398,backbone.layer4.0.conv1,"(453, 108, 0, 0)",3
399,backbone.layer4.0.conv1,"(213, 984, 0, 0)",12
400,backbone.layer4.0.conv1,"(96, 118, 0, 0)",5
401,backbone.layer4.0.conv1,"(317, 846, 0, 0)",8
402,backbone.layer4.0.conv1,"(450, 13, 0, 0)",14
403,backbone.layer4.0.conv1,"(399, 1015, 0, 0)",25
404,backbone.layer4.0.conv2,"(239, 281, 2, 2)",2
405,backbone.layer4.0.conv2,"(305, 246, 0, 2)",4
406,backbone.layer4.0.conv2,"(316, 97, 1, 1)",7
407,backbone.layer4.0.conv2,"(359, 128, 0, 2)",23
408,backbone.layer4.0.conv2,"(268, 145, 2, 0)",4
409,backbone.layer4.0.conv2,"(151, 105, 2, 2)",4
410,backbone.layer4.0.conv2,"(124, 134, 0, 2)",25
411,backbone.layer4.0.conv2,"(321, 376, 2, 2)",14
412,backbone.layer4.0.conv2,"(20, 85, 0, 0)",31
413,backbone.layer4.0.conv2,"(61, 489, 0, 2)",30
414,backbone.layer4.0.conv2,"(366, 392, 2, 0)",21
415,backbone.layer4.0.conv2,"(49, 16, 0, 1)",0
416,backbone.layer4.0.conv2,"(34, 10, 0, 1)",6
417,backbone.layer4.0.conv2,"(15, 360, 2, 0)",22
418,backbone.layer4.0.conv2,"(431, 130, 2, 0)",0
419,backbone.layer4.0.conv2,"(349, 317, 1, 2)",17
420,backbone.layer4.0.conv2,"(255, 185, 1, 2)",20
421,backbone.layer4.0.conv2,"(454, 371, 1, 2)",7
422,backbone.layer4.0.conv2,"(256, 224, 0, 0)",6
423,backbone.layer4.0.conv2,"(111, 115, 2, 0)",21
424,backbone.layer4.0.conv2,"(136, 340, 2, 0)",29
425,backbone.layer4.0.conv2,"(327, 263, 2, 2)",11
426,backbone.layer4.0.conv2,"(309, 391, 0, 1)",29
427,backbone.layer4.0.conv2,"(269, 87, 1, 0)",14
428,backbone.layer4.0.conv2,"(363, 136, 2, 1)",31
429,backbone.layer4.0.conv2,"(503, 467, 1, 0)",14
430,backbone.layer4.0.conv2,"(331, 312, 0, 0)",21
431,backbone.layer4.0.conv2,"(377, 44, 2, 0)",31
432,backbone.layer4.0.conv2,"(475, 295, 2, 1)",3
433,backbone.layer4.0.conv2,"(397, 182, 0, 0)",13
434,backbone.layer4.0.conv2,"(461, 153, 0, 2)",4
435,backbone.layer4.0.conv2,"(369, 466, 1, 0)",31
436,backbone.layer4.0.conv2,"(338, 141, 1, 1)",2
437,backbone.layer4.0.conv2,"(123, 459, 0, 1)",13
438,backbone.layer4.0.conv2,"(498, 362, 0, 0)",6
439,backbone.layer4.0.conv2,"(336, 129, 2, 1)",25
440,backbone.layer4.0.conv2,"(114, 9, 2, 1)",12
441,backbone.layer4.0.conv2,"(410, 71, 1, 0)",8
442,backbone.layer4.0.conv2,"(94, 190, 1, 2)",14
443,backbone.layer4.0.conv2,"(179, 139, 2, 2)",7
444,backbone.layer4.0.conv2,"(120, 325, 0, 2)",10
445,backbone.layer4.0.conv2,"(218, 224, 0, 0)",25
446,backbone.layer4.0.conv2,"(222, 272, 2, 2)",10
447,backbone.layer4.0.conv2,"(67, 498, 1, 1)",27
448,backbone.layer4.0.conv2,"(283, 221, 1, 0)",27
449,backbone.layer4.0.conv2,"(65, 410, 1, 2)",3
450,backbone.layer4.0.conv2,"(46, 509, 0, 1)",19
451,backbone.layer4.0.conv2,"(448, 47, 0, 0)",4
452,backbone.layer4.0.conv2,"(477, 278, 0, 1)",23
453,backbone.layer4.0.conv2,"(490, 233, 0, 0)",21
454,backbone.layer4.0.conv2,"(302, 250, 1, 1)",11
455,backbone.layer4.0.conv2,"(197, 352, 1, 1)",5
456,backbone.layer4.0.conv2,"(301, 510, 2, 0)",10
457,backbone.layer4.0.conv2,"(202, 84, 0, 1)",1
458,backbone.layer4.0.conv2,"(442, 204, 0, 0)",9
459,backbone.layer4.0.conv2,"(251, 288, 1, 2)",5
460,backbone.layer4.0.conv2,"(121, 147, 0, 0)",26
461,backbone.layer4.0.conv2,"(94, 415, 1, 1)",23
462,backbone.layer4.0.conv2,"(482, 404, 0, 0)",30
463,backbone.layer4.0.conv2,"(174, 453, 1, 2)",18
464,backbone.layer4.0.conv2,"(121, 66, 0, 0)",23
465,backbone.layer4.0.conv2,"(387, 404, 0, 1)",22
466,backbone.layer4.0.conv2,"(127, 294, 0, 1)",3
467,backbone.layer4.0.conv2,"(277, 129, 2, 1)",15
468,backbone.layer4.0.conv2,"(39, 78, 2, 0)",22
469,backbone.layer4.0.conv2,"(364, 506, 0, 2)",7
470,backbone.layer4.0.conv2,"(396, 503, 0, 2)",20
471,backbone.layer4.0.conv2,"(498, 101, 1, 1)",7
472,backbone.layer4.0.conv2,"(242, 318, 2, 1)",0
473,backbone.layer4.0.conv2,"(39, 86, 2, 1)",5
474,backbone.layer4.0.conv2,"(306, 230, 1, 2)",20
475,backbone.layer4.0.conv2,"(503, 291, 1, 1)",4
476,backbone.layer4.0.conv2,"(188, 136, 0, 2)",5
477,backbone.layer4.0.conv2,"(9, 329, 2, 1)",23
478,backbone.layer4.0.conv2,"(454, 190, 2, 0)",25
479,backbone.layer4.0.conv2,"(464, 65, 2, 2)",15
480,backbone.layer4.0.conv2,"(80, 13, 1, 2)",31
481,backbone.layer4.0.conv2,"(134, 140, 2, 2)",7
482,backbone.layer4.0.conv2,"(456, 71, 1, 1)",30
483,backbone.layer4.0.conv2,"(293, 150, 1, 1)",27
484,backbone.layer4.0.conv2,"(387, 6, 0, 1)",4
485,backbone.layer4.0.conv2,"(487, 207, 2, 1)",20
486,backbone.layer4.0.conv2,"(381, 439, 1, 2)",3
487,backbone.layer4.0.conv2,"(48, 245, 1, 1)",30
488,backbone.layer4.0.conv2,"(449, 392, 2, 0)",23
489,backbone.layer4.0.conv2,"(262, 195, 0, 1)",12
490,backbone.layer4.0.conv2,"(350, 176, 2, 0)",28
491,backbone.layer4.0.conv2,"(503, 137, 1, 1)",20
492,backbone.layer4.0.conv2,"(180, 69, 2, 0)",22
493,backbone.layer4.0.conv2,"(477, 263, 0, 0)",19
494,backbone.layer4.0.conv2,"(158, 109, 1, 0)",26
495,backbone.layer4.0.conv2,"(196, 307, 0, 0)",27
496,backbone.layer4.0.conv2,"(310, 472, 2, 1)",31
497,backbone.layer4.0.conv2,"(473, 30, 0, 1)",27
498,backbone.layer4.0.conv2,"(115, 494, 0, 1)",5
499,backbone.layer4.0.conv2,"(110, 113, 1, 1)",22
500,backbone.layer4.0.conv2,"(84, 229, 0, 2)",4
501,backbone.layer4.0.conv2,"(18, 207, 1, 2)",3
502,backbone.layer4.0.conv2,"(400, 89, 1, 0)",18
503,backbone.layer4.0.conv2,"(114, 436, 1, 0)",19
504,backbone.layer4.0.conv2,"(220, 489, 0, 1)",17
505,backbone.layer4.0.conv2,"(1, 407, 0, 0)",24
506,backbone.layer4.0.conv2,"(222, 291, 1, 0)",20
507,backbone.layer4.0.conv2,"(58, 487, 2, 2)",3
508,backbone.layer4.0.conv3,"(620, 338, 0, 0)",1
509,backbone.layer4.0.conv3,"(487, 267, 0, 0)",4
510,backbone.layer4.0.conv3,"(1067, 371, 0, 0)",11
511,backbone.layer4.0.conv3,"(1891, 277, 0, 0)",9
512,backbone.layer4.0.conv3,"(1880, 270, 0, 0)",14
513,backbone.layer4.0.conv3,"(135, 51, 0, 0)",17
514,backbone.layer4.0.conv3,"(698, 299, 0, 0)",2
515,backbone.layer4.0.conv3,"(587, 110, 0, 0)",30
516,backbone.layer4.0.conv3,"(1592, 96, 0, 0)",2
517,backbone.layer4.0.conv3,"(1330, 6, 0, 0)",1
518,backbone.layer4.0.conv3,"(1717, 32, 0, 0)",9
519,backbone.layer4.0.conv3,"(1503, 379, 0, 0)",2
520,backbone.layer4.0.conv3,"(464, 230, 0, 0)",23
521,backbone.layer4.0.conv3,"(378, 324, 0, 0)",13
522,backbone.layer4.0.conv3,"(385, 389, 0, 0)",12
523,backbone.layer4.0.conv3,"(337, 98, 0, 0)",24
524,backbone.layer4.0.conv3,"(1005, 187, 0, 0)",0
525,backbone.layer4.0.conv3,"(812, 468, 0, 0)",4
526,backbone.layer4.0.conv3,"(458, 94, 0, 0)",25
527,backbone.layer4.0.conv3,"(802, 119, 0, 0)",3
528,backbone.layer4.0.conv3,"(943, 307, 0, 0)",16
529,backbone.layer4.0.conv3,"(1400, 40, 0, 0)",3
530,backbone.layer4.0.conv3,"(1104, 52, 0, 0)",11
531,backbone.layer4.0.conv3,"(818, 33, 0, 0)",29
532,backbone.layer4.0.conv3,"(1049, 193, 0, 0)",14
533,backbone.layer4.0.conv3,"(1104, 353, 0, 0)",17
534,backbone.layer4.0.conv3,"(370, 293, 0, 0)",8
535,backbone.layer4.0.conv3,"(1920, 180, 0, 0)",1
536,backbone.layer4.0.conv3,"(696, 65, 0, 0)",27
537,backbone.layer4.0.conv3,"(977, 272, 0, 0)",0
538,backbone.layer4.0.conv3,"(831, 262, 0, 0)",20
539,backbone.layer4.0.conv3,"(1307, 228, 0, 0)",0
540,backbone.layer4.0.conv3,"(877, 63, 0, 0)",11
541,backbone.layer4.0.conv3,"(431, 224, 0, 0)",16
542,backbone.layer4.0.conv3,"(550, 105, 0, 0)",5
543,backbone.layer4.0.conv3,"(1896, 193, 0, 0)",4
544,backbone.layer4.0.conv3,"(1744, 11, 0, 0)",6
545,backbone.layer4.0.conv3,"(578, 400, 0, 0)",14
546,backbone.layer4.0.conv3,"(836, 339, 0, 0)",0
547,backbone.layer4.0.conv3,"(87, 402, 0, 0)",9
548,backbone.layer4.0.conv3,"(1749, 196, 0, 0)",16
549,backbone.layer4.0.conv3,"(1832, 511, 0, 0)",20
550,backbone.layer4.0.conv3,"(1373, 52, 0, 0)",3
551,backbone.layer4.0.conv3,"(1410, 486, 0, 0)",15
552,backbone.layer4.0.conv3,"(1820, 25, 0, 0)",8
553,backbone.layer4.0.conv3,"(29, 383, 0, 0)",19
554,backbone.layer4.0.downsample.0,"(1509, 455, 0, 0)",29
555,backbone.layer4.0.downsample.0,"(395, 736, 0, 0)",24
556,backbone.layer4.0.downsample.0,"(1595, 361, 0, 0)",12
557,backbone.layer4.0.downsample.0,"(946, 823, 0, 0)",30
558,backbone.layer4.0.downsample.0,"(1141, 876, 0, 0)",14
559,backbone.layer4.0.downsample.0,"(1651, 235, 0, 0)",15
560,backbone.layer4.0.downsample.0,"(990, 461, 0, 0)",9
561,backbone.layer4.0.downsample.0,"(903, 929, 0, 0)",16
562,backbone.layer4.0.downsample.0,"(839, 1012, 0, 0)",21
563,backbone.layer4.0.downsample.0,"(1463, 882, 0, 0)",27
564,backbone.layer4.0.downsample.0,"(869, 670, 0, 0)",12
565,backbone.layer4.0.downsample.0,"(931, 450, 0, 0)",4
566,backbone.layer4.0.downsample.0,"(714, 299, 0, 0)",8
567,backbone.layer4.0.downsample.0,"(1575, 238, 0, 0)",22
568,backbone.layer4.0.downsample.0,"(1754, 311, 0, 0)",27
569,backbone.layer4.0.downsample.0,"(1318, 208, 0, 0)",18
570,backbone.layer4.0.downsample.0,"(1567, 74, 0, 0)",4
571,backbone.layer4.0.downsample.0,"(111, 279, 0, 0)",14
572,backbone.layer4.0.downsample.0,"(84, 353, 0, 0)",17
573,backbone.layer4.0.downsample.0,"(1289, 494, 0, 0)",27
574,backbone.layer4.0.downsample.0,"(1466, 604, 0, 0)",25
575,backbone.layer4.0.downsample.0,"(1667, 851, 0, 0)",9
576,backbone.layer4.0.downsample.0,"(1291, 549, 0, 0)",25
577,backbone.layer4.0.downsample.0,"(907, 757, 0, 0)",24
578,backbone.layer4.0.downsample.0,"(1811, 185, 0, 0)",2
579,backbone.layer4.0.downsample.0,"(1526, 593, 0, 0)",28
580,backbone.layer4.0.downsample.0,"(1710, 195, 0, 0)",15
581,backbone.layer4.0.downsample.0,"(1413, 245, 0, 0)",26
582,backbone.layer4.0.downsample.0,"(1821, 668, 0, 0)",17
583,backbone.layer4.0.downsample.0,"(808, 879, 0, 0)",19
584,backbone.layer4.0.downsample.0,"(244, 620, 0, 0)",28
585,backbone.layer4.0.downsample.0,"(13, 886, 0, 0)",9
586,backbone.layer4.0.downsample.0,"(1062, 291, 0, 0)",17
587,backbone.layer4.0.downsample.0,"(1299, 723, 0, 0)",10
588,backbone.layer4.0.downsample.0,"(1992, 354, 0, 0)",13
589,backbone.layer4.0.downsample.0,"(1474, 346, 0, 0)",8
590,backbone.layer4.0.downsample.0,"(885, 320, 0, 0)",21
591,backbone.layer4.0.downsample.0,"(1044, 949, 0, 0)",14
592,backbone.layer4.0.downsample.0,"(1249, 928, 0, 0)",7
593,backbone.layer4.0.downsample.0,"(1957, 847, 0, 0)",27
594,backbone.layer4.0.downsample.0,"(354, 263, 0, 0)",20
595,backbone.layer4.0.downsample.0,"(1893, 858, 0, 0)",17
596,backbone.layer4.0.downsample.0,"(1760, 431, 0, 0)",0
597,backbone.layer4.0.downsample.0,"(1499, 741, 0, 0)",18
598,backbone.layer4.0.downsample.0,"(1646, 896, 0, 0)",1
599,backbone.layer4.0.downsample.0,"(1514, 579, 0, 0)",1
600,backbone.layer4.0.downsample.0,"(1803, 549, 0, 0)",10
601,backbone.layer4.0.downsample.0,"(661, 898, 0, 0)",16
602,backbone.layer4.0.downsample.0,"(567, 17, 0, 0)",11
603,backbone.layer4.0.downsample.0,"(459, 443, 0, 0)",1
604,backbone.layer4.0.downsample.0,"(714, 997, 0, 0)",19
605,backbone.layer4.0.downsample.0,"(1567, 358, 0, 0)",13
606,backbone.layer4.0.downsample.0,"(1247, 317, 0, 0)",18
607,backbone.layer4.0.downsample.0,"(453, 987, 0, 0)",14
608,backbone.layer4.0.downsample.0,"(1952, 663, 0, 0)",18
609,backbone.layer4.0.downsample.0,"(835, 34, 0, 0)",19
610,backbone.layer4.0.downsample.0,"(989, 306, 0, 0)",12
611,backbone.layer4.0.downsample.0,"(317, 672, 0, 0)",3
612,backbone.layer4.0.downsample.0,"(623, 46, 0, 0)",12
613,backbone.layer4.0.downsample.0,"(600, 604, 0, 0)",1
614,backbone.layer4.0.downsample.0,"(671, 516, 0, 0)",0
615,backbone.layer4.0.downsample.0,"(550, 585, 0, 0)",29
616,backbone.layer4.0.downsample.0,"(372, 902, 0, 0)",20
617,backbone.layer4.0.downsample.0,"(1339, 495, 0, 0)",6
618,backbone.layer4.0.downsample.0,"(1048, 103, 0, 0)",10
619,backbone.layer4.0.downsample.0,"(197, 608, 0, 0)",14
620,backbone.layer4.0.downsample.0,"(1160, 142, 0, 0)",19
621,backbone.layer4.0.downsample.0,"(1914, 6, 0, 0)",31
622,backbone.layer4.0.downsample.0,"(645, 378, 0, 0)",20
623,backbone.layer4.0.downsample.0,"(768, 292, 0, 0)",17
624,backbone.layer4.0.downsample.0,"(1120, 409, 0, 0)",0
625,backbone.layer4.0.downsample.0,"(491, 78, 0, 0)",16
626,backbone.layer4.0.downsample.0,"(1824, 323, 0, 0)",29
627,backbone.layer4.0.downsample.0,"(155, 687, 0, 0)",5
628,backbone.layer4.0.downsample.0,"(2031, 265, 0, 0)",28
629,backbone.layer4.0.downsample.0,"(395, 766, 0, 0)",6
630,backbone.layer4.0.downsample.0,"(459, 257, 0, 0)",27
631,backbone.layer4.0.downsample.0,"(790, 101, 0, 0)",28
632,backbone.layer4.0.downsample.0,"(365, 173, 0, 0)",3
633,backbone.layer4.0.downsample.0,"(751, 897, 0, 0)",28
634,backbone.layer4.0.downsample.0,"(1256, 95, 0, 0)",10
635,backbone.layer4.0.downsample.0,"(67, 263, 0, 0)",4
636,backbone.layer4.0.downsample.0,"(1900, 514, 0, 0)",6
637,backbone.layer4.0.downsample.0,"(1944, 544, 0, 0)",31
638,backbone.layer4.0.downsample.0,"(540, 402, 0, 0)",30
639,backbone.layer4.0.downsample.0,"(1262, 29, 0, 0)",26
640,backbone.layer4.0.downsample.0,"(2035, 210, 0, 0)",0
641,backbone.layer4.0.downsample.0,"(677, 47, 0, 0)",30
642,backbone.layer4.0.downsample.0,"(1076, 96, 0, 0)",8
643,backbone.layer4.0.downsample.0,"(1846, 478, 0, 0)",5
644,backbone.layer4.0.downsample.0,"(1162, 123, 0, 0)",19
645,backbone.layer4.0.downsample.0,"(1909, 757, 0, 0)",4
646,backbone.layer4.1.conv1,"(504, 366, 0, 0)",20
647,backbone.layer4.1.conv1,"(400, 1138, 0, 0)",26
648,backbone.layer4.1.conv1,"(475, 437, 0, 0)",8
649,backbone.layer4.1.conv1,"(150, 561, 0, 0)",16
650,backbone.layer4.1.conv1,"(280, 773, 0, 0)",28
651,backbone.layer4.1.conv1,"(321, 1383, 0, 0)",27
652,backbone.layer4.1.conv1,"(498, 774, 0, 0)",1
653,backbone.layer4.1.conv1,"(432, 1111, 0, 0)",29
654,backbone.layer4.1.conv1,"(151, 1244, 0, 0)",21
655,backbone.layer4.1.conv1,"(440, 1590, 0, 0)",31
656,backbone.layer4.1.conv1,"(213, 531, 0, 0)",20
657,backbone.layer4.1.conv1,"(149, 73, 0, 0)",8
658,backbone.layer4.1.conv1,"(131, 644, 0, 0)",19
659,backbone.layer4.1.conv1,"(404, 1126, 0, 0)",4
660,backbone.layer4.1.conv1,"(208, 781, 0, 0)",29
661,backbone.layer4.1.conv1,"(61, 817, 0, 0)",7
662,backbone.layer4.1.conv1,"(127, 396, 0, 0)",20
663,backbone.layer4.1.conv1,"(436, 723, 0, 0)",22
664,backbone.layer4.1.conv1,"(361, 1814, 0, 0)",16
665,backbone.layer4.1.conv1,"(75, 731, 0, 0)",29
666,backbone.layer4.1.conv1,"(84, 925, 0, 0)",2
667,backbone.layer4.1.conv1,"(425, 1551, 0, 0)",12
668,backbone.layer4.1.conv1,"(226, 804, 0, 0)",26
669,backbone.layer4.1.conv1,"(324, 427, 0, 0)",31
670,backbone.layer4.1.conv1,"(8, 307, 0, 0)",14
671,backbone.layer4.1.conv1,"(23, 141, 0, 0)",29
672,backbone.layer4.1.conv1,"(134, 1778, 0, 0)",1
673,backbone.layer4.1.conv1,"(262, 1843, 0, 0)",12
674,backbone.layer4.1.conv1,"(235, 517, 0, 0)",25
675,backbone.layer4.1.conv1,"(266, 1179, 0, 0)",20
676,backbone.layer4.1.conv1,"(419, 1065, 0, 0)",14
677,backbone.layer4.1.conv1,"(498, 1982, 0, 0)",5
678,backbone.layer4.1.conv1,"(190, 1031, 0, 0)",26
679,backbone.layer4.1.conv1,"(275, 361, 0, 0)",3
680,backbone.layer4.1.conv1,"(279, 178, 0, 0)",31
681,backbone.layer4.1.conv1,"(465, 414, 0, 0)",29
682,backbone.layer4.1.conv1,"(232, 1143, 0, 0)",9
683,backbone.layer4.1.conv1,"(70, 393, 0, 0)",0
684,backbone.layer4.1.conv1,"(404, 1357, 0, 0)",19
685,backbone.layer4.1.conv1,"(101, 1899, 0, 0)",29
686,backbone.layer4.1.conv1,"(184, 192, 0, 0)",14
687,backbone.layer4.1.conv1,"(415, 1043, 0, 0)",24
688,backbone.layer4.1.conv1,"(336, 1308, 0, 0)",15
689,backbone.layer4.1.conv1,"(355, 1731, 0, 0)",22
690,backbone.layer4.1.conv1,"(313, 659, 0, 0)",26
691,backbone.layer4.1.conv1,"(45, 1942, 0, 0)",30
692,backbone.layer4.1.conv2,"(505, 404, 1, 0)",13
693,backbone.layer4.1.conv2,"(262, 38, 2, 0)",11
694,backbone.layer4.1.conv2,"(337, 376, 1, 2)",27
695,backbone.layer4.1.conv2,"(250, 258, 1, 1)",10
696,backbone.layer4.1.conv2,"(156, 254, 1, 2)",23
697,backbone.layer4.1.conv2,"(347, 377, 0, 1)",29
698,backbone.layer4.1.conv2,"(148, 29, 1, 2)",28
699,backbone.layer4.1.conv2,"(109, 171, 2, 0)",12
700,backbone.layer4.1.conv2,"(429, 445, 1, 0)",17
701,backbone.layer4.1.conv2,"(247, 154, 2, 0)",21
702,backbone.layer4.1.conv2,"(396, 426, 2, 1)",3
703,backbone.layer4.1.conv2,"(122, 39, 0, 2)",19
704,backbone.layer4.1.conv2,"(326, 167, 0, 2)",27
705,backbone.layer4.1.conv2,"(76, 207, 2, 1)",20
706,backbone.layer4.1.conv2,"(164, 219, 2, 2)",17
707,backbone.layer4.1.conv2,"(204, 1, 2, 1)",2
708,backbone.layer4.1.conv2,"(293, 84, 1, 0)",7
709,backbone.layer4.1.conv2,"(176, 16, 0, 1)",19
710,backbone.layer4.1.conv2,"(8, 374, 2, 2)",4
711,backbone.layer4.1.conv2,"(342, 38, 1, 2)",21
712,backbone.layer4.1.conv2,"(268, 114, 2, 2)",16
713,backbone.layer4.1.conv2,"(38, 375, 2, 1)",14
714,backbone.layer4.1.conv2,"(140, 345, 0, 1)",23
715,backbone.layer4.1.conv2,"(208, 232, 2, 0)",24
716,backbone.layer4.1.conv2,"(342, 192, 2, 1)",31
717,backbone.layer4.1.conv2,"(392, 506, 2, 2)",24
718,backbone.layer4.1.conv2,"(44, 340, 0, 0)",25
719,backbone.layer4.1.conv2,"(378, 406, 2, 1)",28
720,backbone.layer4.1.conv2,"(307, 406, 2, 0)",15
721,backbone.layer4.1.conv2,"(35, 115, 1, 2)",23
722,backbone.layer4.1.conv2,"(13, 2, 0, 2)",24
723,backbone.layer4.1.conv2,"(288, 67, 0, 0)",18
724,backbone.layer4.1.conv2,"(503, 131, 2, 0)",17
725,backbone.layer4.1.conv2,"(70, 38, 0, 0)",28
726,backbone.layer4.1.conv2,"(133, 42, 1, 0)",3
727,backbone.layer4.1.conv2,"(370, 11, 2, 2)",27
728,backbone.layer4.1.conv2,"(386, 224, 0, 1)",9
729,backbone.layer4.1.conv2,"(285, 305, 2, 0)",1
730,backbone.layer4.1.conv2,"(92, 100, 2, 1)",15
731,backbone.layer4.1.conv2,"(129, 355, 1, 1)",5
732,backbone.layer4.1.conv2,"(31, 92, 1, 1)",3
733,backbone.layer4.1.conv2,"(422, 481, 1, 0)",19
734,backbone.layer4.1.conv2,"(115, 245, 0, 2)",9
735,backbone.layer4.1.conv2,"(443, 440, 1, 1)",0
736,backbone.layer4.1.conv2,"(256, 458, 1, 2)",29
737,backbone.layer4.1.conv2,"(175, 382, 2, 2)",8
738,backbone.layer4.1.conv2,"(306, 393, 0, 2)",18
739,backbone.layer4.1.conv2,"(53, 193, 1, 1)",12
740,backbone.layer4.1.conv2,"(432, 457, 0, 2)",12
741,backbone.layer4.1.conv2,"(204, 353, 1, 1)",22
742,backbone.layer4.1.conv2,"(235, 104, 0, 2)",0
743,backbone.layer4.1.conv2,"(94, 457, 2, 0)",22
744,backbone.layer4.1.conv2,"(221, 422, 1, 0)",3
745,backbone.layer4.1.conv2,"(475, 31, 1, 0)",19
746,backbone.layer4.1.conv2,"(351, 397, 2, 2)",6
747,backbone.layer4.1.conv2,"(50, 81, 0, 0)",15
748,backbone.layer4.1.conv2,"(269, 392, 2, 0)",0
749,backbone.layer4.1.conv2,"(467, 228, 2, 1)",7
750,backbone.layer4.1.conv2,"(140, 348, 0, 2)",18
751,backbone.layer4.1.conv2,"(320, 249, 1, 1)",21
752,backbone.layer4.1.conv2,"(156, 480, 1, 2)",26
753,backbone.layer4.1.conv2,"(30, 239, 0, 1)",25
754,backbone.layer4.1.conv2,"(346, 466, 1, 0)",29
755,backbone.layer4.1.conv2,"(210, 57, 1, 0)",11
756,backbone.layer4.1.conv2,"(179, 422, 1, 0)",23
757,backbone.layer4.1.conv2,"(31, 275, 1, 1)",2
758,backbone.layer4.1.conv2,"(292, 73, 2, 0)",20
759,backbone.layer4.1.conv2,"(33, 99, 1, 2)",8
760,backbone.layer4.1.conv2,"(128, 1, 0, 0)",12
761,backbone.layer4.1.conv2,"(497, 101, 1, 1)",1
762,backbone.layer4.1.conv2,"(323, 455, 1, 2)",9
763,backbone.layer4.1.conv2,"(98, 380, 2, 1)",10
764,backbone.layer4.1.conv2,"(110, 243, 1, 1)",13
765,backbone.layer4.1.conv2,"(37, 469, 1, 0)",10
766,backbone.layer4.1.conv2,"(282, 99, 2, 1)",20
767,backbone.layer4.1.conv2,"(195, 89, 2, 2)",9
768,backbone.layer4.1.conv2,"(117, 132, 0, 1)",1
769,backbone.layer4.1.conv2,"(376, 266, 2, 1)",13
770,backbone.layer4.1.conv2,"(270, 94, 1, 2)",14
771,backbone.layer4.1.conv2,"(58, 452, 2, 1)",9
772,backbone.layer4.1.conv2,"(113, 421, 1, 1)",24
773,backbone.layer4.1.conv2,"(242, 62, 0, 0)",29
774,backbone.layer4.1.conv2,"(154, 349, 1, 1)",11
775,backbone.layer4.1.conv2,"(314, 76, 2, 1)",23
776,backbone.layer4.1.conv2,"(434, 199, 1, 1)",20
777,backbone.layer4.1.conv2,"(194, 210, 2, 0)",18
778,backbone.layer4.1.conv2,"(364, 31, 1, 1)",28
779,backbone.layer4.1.conv2,"(69, 402, 0, 2)",9
780,backbone.layer4.1.conv2,"(32, 425, 0, 0)",14
781,backbone.layer4.1.conv2,"(222, 478, 2, 0)",9
782,backbone.layer4.1.conv2,"(334, 507, 1, 1)",6
783,backbone.layer4.1.conv2,"(510, 418, 2, 1)",1
784,backbone.layer4.1.conv2,"(319, 502, 0, 2)",15
785,backbone.layer4.1.conv2,"(114, 130, 2, 2)",13
786,backbone.layer4.1.conv2,"(414, 426, 2, 0)",19
787,backbone.layer4.1.conv2,"(327, 120, 1, 2)",21
788,backbone.layer4.1.conv2,"(1, 158, 2, 1)",27
789,backbone.layer4.1.conv2,"(434, 95, 1, 1)",19
790,backbone.layer4.1.conv2,"(351, 371, 1, 2)",7
791,backbone.layer4.1.conv2,"(116, 101, 1, 1)",3
792,backbone.layer4.1.conv2,"(116, 29, 1, 2)",27
793,backbone.layer4.1.conv2,"(175, 230, 2, 1)",22
794,backbone.layer4.1.conv2,"(367, 12, 1, 1)",28
795,backbone.layer4.1.conv2,"(306, 3, 1, 1)",17
796,backbone.layer4.1.conv3,"(1683, 83, 0, 0)",20
797,backbone.layer4.1.conv3,"(799, 166, 0, 0)",21
798,backbone.layer4.1.conv3,"(1170, 207, 0, 0)",4
799,backbone.layer4.1.conv3,"(1524, 404, 0, 0)",20
800,backbone.layer4.1.conv3,"(1501, 24, 0, 0)",13
801,backbone.layer4.1.conv3,"(744, 82, 0, 0)",10
802,backbone.layer4.1.conv3,"(55, 252, 0, 0)",8
803,backbone.layer4.1.conv3,"(1125, 201, 0, 0)",29
804,backbone.layer4.1.conv3,"(830, 72, 0, 0)",19
805,backbone.layer4.1.conv3,"(1288, 120, 0, 0)",13
806,backbone.layer4.1.conv3,"(359, 500, 0, 0)",30
807,backbone.layer4.1.conv3,"(1281, 305, 0, 0)",10
808,backbone.layer4.1.conv3,"(489, 446, 0, 0)",0
809,backbone.layer4.1.conv3,"(403, 150, 0, 0)",2
810,backbone.layer4.1.conv3,"(184, 84, 0, 0)",14
811,backbone.layer4.1.conv3,"(1150, 135, 0, 0)",26
812,backbone.layer4.1.conv3,"(1441, 388, 0, 0)",3
813,backbone.layer4.1.conv3,"(1089, 471, 0, 0)",10
814,backbone.layer4.1.conv3,"(1729, 345, 0, 0)",23
815,backbone.layer4.1.conv3,"(769, 403, 0, 0)",27
816,backbone.layer4.1.conv3,"(374, 391, 0, 0)",23
817,backbone.layer4.1.conv3,"(596, 428, 0, 0)",17
818,backbone.layer4.1.conv3,"(535, 111, 0, 0)",28
819,backbone.layer4.1.conv3,"(385, 114, 0, 0)",12
820,backbone.layer4.1.conv3,"(239, 389, 0, 0)",7
821,backbone.layer4.1.conv3,"(1630, 86, 0, 0)",8
822,backbone.layer4.1.conv3,"(432, 166, 0, 0)",0
823,backbone.layer4.1.conv3,"(1420, 484, 0, 0)",7
824,backbone.layer4.1.conv3,"(579, 68, 0, 0)",21
825,backbone.layer4.1.conv3,"(635, 324, 0, 0)",28
826,backbone.layer4.1.conv3,"(1318, 440, 0, 0)",20
827,backbone.layer4.1.conv3,"(277, 216, 0, 0)",14
828,backbone.layer4.1.conv3,"(619, 151, 0, 0)",4
829,backbone.layer4.1.conv3,"(173, 74, 0, 0)",10
830,backbone.layer4.1.conv3,"(1802, 442, 0, 0)",27
831,backbone.layer4.1.conv3,"(988, 89, 0, 0)",11
832,backbone.layer4.1.conv3,"(993, 196, 0, 0)",3
833,backbone.layer4.1.conv3,"(304, 350, 0, 0)",8
834,backbone.layer4.1.conv3,"(1346, 293, 0, 0)",21
835,backbone.layer4.1.conv3,"(1899, 328, 0, 0)",19
836,backbone.layer4.1.conv3,"(1405, 47, 0, 0)",0
837,backbone.layer4.1.conv3,"(1830, 177, 0, 0)",27
838,backbone.layer4.1.conv3,"(1647, 446, 0, 0)",15
839,backbone.layer4.1.conv3,"(1345, 74, 0, 0)",31
840,backbone.layer4.1.conv3,"(1803, 241, 0, 0)",17
841,backbone.layer4.1.conv3,"(1102, 259, 0, 0)",20
842,backbone.layer4.2.conv1,"(71, 1275, 0, 0)",22
843,backbone.layer4.2.conv1,"(150, 943, 0, 0)",5
844,backbone.layer4.2.conv1,"(476, 168, 0, 0)",16
845,backbone.layer4.2.conv1,"(322, 311, 0, 0)",11
846,backbone.layer4.2.conv1,"(405, 928, 0, 0)",8
847,backbone.layer4.2.conv1,"(19, 1671, 0, 0)",30
848,backbone.layer4.2.conv1,"(0, 1364, 0, 0)",10
849,backbone.layer4.2.conv1,"(108, 1860, 0, 0)",14
850,backbone.layer4.2.conv1,"(18, 1866, 0, 0)",14
851,backbone.layer4.2.conv1,"(475, 1668, 0, 0)",0
852,backbone.layer4.2.conv1,"(112, 1129, 0, 0)",0
853,backbone.layer4.2.conv1,"(374, 1041, 0, 0)",20
854,backbone.layer4.2.conv1,"(208, 1457, 0, 0)",13
855,backbone.layer4.2.conv1,"(387, 663, 0, 0)",14
856,backbone.layer4.2.conv1,"(198, 1193, 0, 0)",5
857,backbone.layer4.2.conv1,"(420, 135, 0, 0)",8
858,backbone.layer4.2.conv1,"(281, 1308, 0, 0)",28
859,backbone.layer4.2.conv1,"(187, 2007, 0, 0)",28
860,backbone.layer4.2.conv1,"(179, 325, 0, 0)",28
861,backbone.layer4.2.conv1,"(287, 333, 0, 0)",16
862,backbone.layer4.2.conv1,"(69, 1701, 0, 0)",18
863,backbone.layer4.2.conv1,"(397, 763, 0, 0)",21
864,backbone.layer4.2.conv1,"(116, 200, 0, 0)",12
865,backbone.layer4.2.conv1,"(318, 861, 0, 0)",24
866,backbone.layer4.2.conv1,"(29, 1139, 0, 0)",20
867,backbone.layer4.2.conv1,"(420, 23, 0, 0)",29
868,backbone.layer4.2.conv1,"(172, 1139, 0, 0)",11
869,backbone.layer4.2.conv1,"(76, 691, 0, 0)",11
870,backbone.layer4.2.conv1,"(123, 258, 0, 0)",9
871,backbone.layer4.2.conv1,"(354, 882, 0, 0)",2
872,backbone.layer4.2.conv1,"(287, 1320, 0, 0)",31
873,backbone.layer4.2.conv1,"(230, 506, 0, 0)",0
874,backbone.layer4.2.conv1,"(460, 600, 0, 0)",11
875,backbone.layer4.2.conv1,"(353, 1359, 0, 0)",10
876,backbone.layer4.2.conv1,"(329, 645, 0, 0)",3
877,backbone.layer4.2.conv1,"(285, 444, 0, 0)",16
878,backbone.layer4.2.conv1,"(235, 530, 0, 0)",2
879,backbone.layer4.2.conv1,"(93, 412, 0, 0)",3
880,backbone.layer4.2.conv1,"(140, 1457, 0, 0)",28
881,backbone.layer4.2.conv1,"(68, 896, 0, 0)",6
882,backbone.layer4.2.conv1,"(304, 1480, 0, 0)",27
883,backbone.layer4.2.conv1,"(127, 725, 0, 0)",28
884,backbone.layer4.2.conv1,"(317, 1822, 0, 0)",24
885,backbone.layer4.2.conv1,"(423, 1427, 0, 0)",12
886,backbone.layer4.2.conv1,"(285, 1354, 0, 0)",25
887,backbone.layer4.2.conv1,"(377, 322, 0, 0)",14
888,backbone.layer4.2.conv2,"(134, 308, 0, 0)",9
889,backbone.layer4.2.conv2,"(128, 403, 1, 1)",21
890,backbone.layer4.2.conv2,"(395, 438, 1, 0)",1
891,backbone.layer4.2.conv2,"(136, 89, 1, 2)",18
892,backbone.layer4.2.conv2,"(165, 325, 0, 0)",20
893,backbone.layer4.2.conv2,"(166, 58, 0, 2)",16
894,backbone.layer4.2.conv2,"(272, 124, 1, 2)",1
895,backbone.layer4.2.conv2,"(503, 129, 0, 2)",13
896,backbone.layer4.2.conv2,"(337, 81, 1, 1)",0
897,backbone.layer4.2.conv2,"(429, 101, 2, 0)",25
898,backbone.layer4.2.conv2,"(165, 46, 0, 0)",26
899,backbone.layer4.2.conv2,"(468, 393, 0, 1)",23
900,backbone.layer4.2.conv2,"(159, 329, 0, 0)",31
901,backbone.layer4.2.conv2,"(223, 316, 1, 0)",23
902,backbone.layer4.2.conv2,"(1, 421, 2, 0)",25
903,backbone.layer4.2.conv2,"(465, 239, 2, 1)",25
904,backbone.layer4.2.conv2,"(31, 62, 0, 2)",10
905,backbone.layer4.2.conv2,"(289, 139, 2, 0)",21
906,backbone.layer4.2.conv2,"(498, 321, 2, 0)",20
907,backbone.layer4.2.conv2,"(432, 483, 0, 0)",4
908,backbone.layer4.2.conv2,"(243, 26, 0, 2)",30
909,backbone.layer4.2.conv2,"(189, 376, 1, 0)",22
910,backbone.layer4.2.conv2,"(412, 461, 2, 0)",26
911,backbone.layer4.2.conv2,"(73, 283, 0, 1)",1
912,backbone.layer4.2.conv2,"(369, 327, 0, 1)",4
913,backbone.layer4.2.conv2,"(427, 395, 2, 1)",3
914,backbone.layer4.2.conv2,"(149, 75, 0, 0)",7
915,backbone.layer4.2.conv2,"(83, 57, 1, 2)",11
916,backbone.layer4.2.conv2,"(215, 397, 0, 2)",10
917,backbone.layer4.2.conv2,"(509, 222, 1, 0)",17
918,backbone.layer4.2.conv2,"(33, 209, 0, 0)",29
919,backbone.layer4.2.conv2,"(166, 245, 1, 0)",16
920,backbone.layer4.2.conv2,"(118, 156, 0, 0)",31
921,backbone.layer4.2.conv2,"(36, 378, 1, 2)",24
922,backbone.layer4.2.conv2,"(361, 231, 0, 1)",4
923,backbone.layer4.2.conv2,"(59, 21, 2, 2)",12
924,backbone.layer4.2.conv2,"(452, 143, 1, 2)",8
925,backbone.layer4.2.conv2,"(287, 275, 2, 1)",28
926,backbone.layer4.2.conv2,"(68, 439, 0, 2)",28
927,backbone.layer4.2.conv2,"(357, 68, 2, 1)",0
928,backbone.layer4.2.conv2,"(43, 290, 2, 2)",18
929,backbone.layer4.2.conv2,"(431, 277, 1, 0)",25
930,backbone.layer4.2.conv2,"(37, 312, 2, 1)",3
931,backbone.layer4.2.conv2,"(435, 401, 0, 0)",13
932,backbone.layer4.2.conv2,"(330, 432, 2, 1)",20
933,backbone.layer4.2.conv2,"(26, 136, 1, 2)",15
934,backbone.layer4.2.conv2,"(488, 337, 2, 0)",27
935,backbone.layer4.2.conv2,"(195, 151, 1, 1)",22
936,backbone.layer4.2.conv2,"(232, 414, 1, 2)",28
937,backbone.layer4.2.conv2,"(107, 242, 0, 2)",26
938,backbone.layer4.2.conv2,"(248, 339, 1, 0)",4
939,backbone.layer4.2.conv2,"(116, 283, 0, 1)",9
940,backbone.layer4.2.conv2,"(272, 230, 2, 1)",29
941,backbone.layer4.2.conv2,"(230, 414, 0, 1)",14
942,backbone.layer4.2.conv2,"(409, 470, 2, 1)",23
943,backbone.layer4.2.conv2,"(313, 89, 1, 2)",24
944,backbone.layer4.2.conv2,"(44, 503, 0, 1)",10
945,backbone.layer4.2.conv2,"(386, 273, 1, 1)",31
946,backbone.layer4.2.conv2,"(120, 444, 1, 1)",21
947,backbone.layer4.2.conv2,"(388, 133, 2, 1)",19
948,backbone.layer4.2.conv2,"(215, 451, 2, 1)",28
949,backbone.layer4.2.conv2,"(295, 346, 0, 2)",15
950,backbone.layer4.2.conv2,"(380, 146, 1, 2)",10
951,backbone.layer4.2.conv2,"(235, 454, 2, 1)",5
952,backbone.layer4.2.conv2,"(381, 480, 1, 1)",10
953,backbone.layer4.2.conv2,"(25, 401, 0, 2)",7
954,backbone.layer4.2.conv2,"(285, 297, 0, 2)",25
955,backbone.layer4.2.conv2,"(80, 266, 2, 2)",22
956,backbone.layer4.2.conv2,"(449, 500, 2, 1)",23
957,backbone.layer4.2.conv2,"(124, 451, 2, 0)",11
958,backbone.layer4.2.conv2,"(451, 435, 0, 0)",26
959,backbone.layer4.2.conv2,"(24, 255, 0, 0)",1
960,backbone.layer4.2.conv2,"(422, 110, 2, 2)",18
961,backbone.layer4.2.conv2,"(386, 68, 2, 0)",18
962,backbone.layer4.2.conv2,"(439, 507, 2, 1)",13
963,backbone.layer4.2.conv2,"(422, 457, 0, 0)",14
964,backbone.layer4.2.conv2,"(423, 416, 1, 2)",29
965,backbone.layer4.2.conv2,"(70, 174, 2, 0)",12
966,backbone.layer4.2.conv2,"(463, 311, 1, 2)",8
967,backbone.layer4.2.conv2,"(302, 315, 0, 0)",13
968,backbone.layer4.2.conv2,"(496, 279, 1, 1)",0
969,backbone.layer4.2.conv2,"(373, 356, 0, 0)",8
970,backbone.layer4.2.conv2,"(178, 151, 2, 1)",6
971,backbone.layer4.2.conv2,"(333, 62, 1, 1)",6
972,backbone.layer4.2.conv2,"(388, 191, 2, 2)",17
973,backbone.layer4.2.conv2,"(102, 490, 1, 0)",13
974,backbone.layer4.2.conv2,"(29, 422, 0, 2)",14
975,backbone.layer4.2.conv2,"(490, 71, 2, 2)",25
976,backbone.layer4.2.conv2,"(101, 260, 2, 0)",18
977,backbone.layer4.2.conv2,"(6, 257, 2, 2)",16
978,backbone.layer4.2.conv2,"(2, 385, 1, 1)",1
979,backbone.layer4.2.conv2,"(475, 8, 2, 2)",24
980,backbone.layer4.2.conv2,"(445, 39, 2, 0)",23
981,backbone.layer4.2.conv2,"(279, 447, 1, 1)",17
982,backbone.layer4.2.conv2,"(440, 118, 1, 1)",5
983,backbone.layer4.2.conv2,"(118, 371, 2, 2)",2
984,backbone.layer4.2.conv2,"(80, 291, 2, 0)",25
985,backbone.layer4.2.conv2,"(187, 416, 1, 2)",1
986,backbone.layer4.2.conv2,"(265, 92, 0, 1)",8
987,backbone.layer4.2.conv2,"(351, 207, 1, 1)",18
988,backbone.layer4.2.conv2,"(51, 316, 1, 2)",22
989,backbone.layer4.2.conv2,"(449, 501, 2, 0)",28
990,backbone.layer4.2.conv2,"(220, 274, 1, 2)",17
991,backbone.layer4.2.conv2,"(307, 22, 1, 1)",8
992,backbone.layer4.2.conv3,"(1001, 375, 0, 0)",30
993,backbone.layer4.2.conv3,"(651, 44, 0, 0)",4
994,backbone.layer4.2.conv3,"(1868, 139, 0, 0)",29
995,backbone.layer4.2.conv3,"(358, 356, 0, 0)",4
996,backbone.layer4.2.conv3,"(1712, 258, 0, 0)",14
997,backbone.layer4.2.conv3,"(716, 321, 0, 0)",5
998,backbone.layer4.2.conv3,"(1949, 342, 0, 0)",2
999,backbone.layer4.2.conv3,"(1730, 298, 0, 0)",5
1000,backbone.layer4.2.conv3,"(832, 330, 0, 0)",8
1001,backbone.layer4.2.conv3,"(1135, 234, 0, 0)",8
1002,backbone.layer4.2.conv3,"(1686, 491, 0, 0)",21
1003,backbone.layer4.2.conv3,"(310, 351, 0, 0)",24
1004,backbone.layer4.2.conv3,"(1797, 275, 0, 0)",26
1005,backbone.layer4.2.conv3,"(733, 347, 0, 0)",0
1006,backbone.layer4.2.conv3,"(1200, 11, 0, 0)",5
1007,backbone.layer4.2.conv3,"(225, 500, 0, 0)",12
1008,backbone.layer4.2.conv3,"(309, 380, 0, 0)",7
1009,backbone.layer4.2.conv3,"(163, 152, 0, 0)",31
1010,backbone.layer4.2.conv3,"(622, 140, 0, 0)",19
1011,backbone.layer4.2.conv3,"(1443, 173, 0, 0)",22
1012,backbone.layer4.2.conv3,"(418, 383, 0, 0)",3
1013,backbone.layer4.2.conv3,"(1652, 237, 0, 0)",14
1014,backbone.layer4.2.conv3,"(1566, 163, 0, 0)",25
1015,backbone.layer4.2.conv3,"(1837, 358, 0, 0)",26
1016,backbone.layer4.2.conv3,"(545, 37, 0, 0)",19
1017,backbone.layer4.2.conv3,"(91, 97, 0, 0)",27
1018,backbone.layer4.2.conv3,"(777, 74, 0, 0)",22
1019,backbone.layer4.2.conv3,"(1045, 406, 0, 0)",22
1020,backbone.layer4.2.conv3,"(522, 481, 0, 0)",31
1021,backbone.layer4.2.conv3,"(1611, 431, 0, 0)",22
1022,backbone.layer4.2.conv3,"(1967, 445, 0, 0)",5
1023,backbone.layer4.2.conv3,"(1002, 504, 0, 0)",8
1024,backbone.layer4.2.conv3,"(845, 380, 0, 0)",20
1025,backbone.layer4.2.conv3,"(149, 326, 0, 0)",30
1026,backbone.layer4.2.conv3,"(1269, 120, 0, 0)",10
1027,backbone.layer4.2.conv3,"(925, 417, 0, 0)",26
1028,backbone.layer4.2.conv3,"(1855, 284, 0, 0)",3
1029,backbone.layer4.2.conv3,"(1312, 179, 0, 0)",31
1030,backbone.layer4.2.conv3,"(1591, 182, 0, 0)",16
1031,backbone.layer4.2.conv3,"(1995, 41, 0, 0)",20
1032,backbone.layer4.2.conv3,"(1660, 38, 0, 0)",7
1033,backbone.layer4.2.conv3,"(771, 0, 0, 0)",29
1034,backbone.layer4.2.conv3,"(593, 473, 0, 0)",11
1035,backbone.layer4.2.conv3,"(454, 414, 0, 0)",3
1036,backbone.layer4.2.conv3,"(1228, 93, 0, 0)",16
1037,backbone.layer4.2.conv3,"(454, 332, 0, 0)",18
1038,classifier.0.convs.0.0,"(188, 1154, 0, 0)",7
1039,classifier.0.convs.0.0,"(239, 1824, 0, 0)",0
1040,classifier.0.convs.0.0,"(0, 1852, 0, 0)",20
1041,classifier.0.convs.0.0,"(118, 1525, 0, 0)",15
1042,classifier.0.convs.0.0,"(69, 720, 0, 0)",15
1043,classifier.0.convs.0.0,"(214, 575, 0, 0)",0
1044,classifier.0.convs.0.0,"(171, 71, 0, 0)",0
1045,classifier.0.convs.0.0,"(79, 853, 0, 0)",5
1046,classifier.0.convs.0.0,"(99, 1957, 0, 0)",22
1047,classifier.0.convs.0.0,"(31, 1707, 0, 0)",29
1048,classifier.0.convs.0.0,"(88, 75, 0, 0)",10
1049,classifier.0.convs.0.0,"(0, 1673, 0, 0)",15
1050,classifier.0.convs.0.0,"(109, 909, 0, 0)",28
1051,classifier.0.convs.0.0,"(239, 259, 0, 0)",1
1052,classifier.0.convs.0.0,"(63, 612, 0, 0)",7
1053,classifier.0.convs.0.0,"(84, 1149, 0, 0)",23
1054,classifier.0.convs.0.0,"(40, 60, 0, 0)",1
1055,classifier.0.convs.0.0,"(186, 504, 0, 0)",3
1056,classifier.0.convs.0.0,"(217, 1755, 0, 0)",13
1057,classifier.0.convs.0.0,"(100, 207, 0, 0)",6
1058,classifier.0.convs.0.0,"(134, 1915, 0, 0)",23
1059,classifier.0.convs.0.0,"(214, 769, 0, 0)",22
1060,classifier.0.convs.0.0,"(62, 1731, 0, 0)",24
1061,classifier.0.convs.1.0,"(117, 277, 0, 0)",18
1062,classifier.0.convs.1.0,"(27, 646, 0, 1)",9
1063,classifier.0.convs.1.0,"(141, 2017, 1, 2)",17
1064,classifier.0.convs.1.0,"(158, 253, 1, 2)",2
1065,classifier.0.convs.1.0,"(37, 1792, 0, 1)",20
1066,classifier.0.convs.1.0,"(132, 983, 1, 0)",30
1067,classifier.0.convs.1.0,"(133, 1040, 2, 1)",29
1068,classifier.0.convs.1.0,"(19, 1316, 2, 1)",28
1069,classifier.0.convs.1.0,"(225, 1532, 1, 1)",16
1070,classifier.0.convs.1.0,"(97, 1185, 1, 2)",14
1071,classifier.0.convs.1.0,"(47, 188, 2, 2)",28
1072,classifier.0.convs.1.0,"(152, 360, 1, 1)",5
1073,classifier.0.convs.1.0,"(31, 1491, 1, 0)",18
1074,classifier.0.convs.1.0,"(76, 1427, 0, 2)",23
1075,classifier.0.convs.1.0,"(20, 278, 2, 2)",25
1076,classifier.0.convs.1.0,"(136, 1659, 2, 2)",25
1077,classifier.0.convs.1.0,"(166, 986, 2, 1)",28
1078,classifier.0.convs.1.0,"(198, 450, 0, 0)",27
1079,classifier.0.convs.1.0,"(15, 1232, 2, 2)",22
1080,classifier.0.convs.1.0,"(104, 271, 1, 0)",19
1081,classifier.0.convs.1.0,"(74, 2039, 0, 2)",3
1082,classifier.0.convs.1.0,"(173, 380, 1, 2)",3
1083,classifier.0.convs.1.0,"(170, 1603, 0, 1)",13
1084,classifier.0.convs.1.0,"(37, 1508, 2, 0)",30
1085,classifier.0.convs.1.0,"(40, 1161, 2, 2)",10
1086,classifier.0.convs.1.0,"(222, 168, 0, 0)",1
1087,classifier.0.convs.1.0,"(119, 981, 0, 2)",6
1088,classifier.0.convs.1.0,"(152, 785, 2, 0)",28
1089,classifier.0.convs.1.0,"(3, 1463, 2, 2)",17
1090,classifier.0.convs.1.0,"(219, 1223, 2, 0)",15
1091,classifier.0.convs.1.0,"(204, 483, 2, 0)",1
1092,classifier.0.convs.1.0,"(139, 1346, 2, 0)",30
1093,classifier.0.convs.1.0,"(158, 771, 0, 0)",25
1094,classifier.0.convs.1.0,"(4, 1126, 0, 2)",20
1095,classifier.0.convs.1.0,"(168, 18, 0, 1)",10
1096,classifier.0.convs.1.0,"(152, 1439, 1, 2)",21
1097,classifier.0.convs.1.0,"(9, 1590, 0, 2)",31
1098,classifier.0.convs.1.0,"(53, 1631, 1, 2)",16
1099,classifier.0.convs.1.0,"(91, 1145, 0, 1)",18
1100,classifier.0.convs.1.0,"(110, 1875, 1, 0)",11
1101,classifier.0.convs.1.0,"(127, 199, 0, 2)",23
1102,classifier.0.convs.1.0,"(24, 807, 2, 0)",7
1103,classifier.0.convs.1.0,"(43, 1767, 1, 0)",3
1104,classifier.0.convs.1.0,"(170, 902, 1, 0)",9
1105,classifier.0.convs.1.0,"(133, 669, 1, 0)",15
1106,classifier.0.convs.1.0,"(237, 1315, 2, 0)",3
1107,classifier.0.convs.1.0,"(218, 442, 0, 0)",0
1108,classifier.0.convs.1.0,"(166, 313, 0, 1)",19
1109,classifier.0.convs.1.0,"(167, 1501, 2, 1)",22
1110,classifier.0.convs.1.0,"(111, 1311, 1, 0)",21
1111,classifier.0.convs.1.0,"(186, 1781, 0, 2)",3
1112,classifier.0.convs.1.0,"(40, 1632, 0, 1)",15
1113,classifier.0.convs.1.0,"(5, 1072, 1, 0)",6
1114,classifier.0.convs.1.0,"(34, 379, 1, 2)",15
1115,classifier.0.convs.1.0,"(252, 757, 2, 2)",2
1116,classifier.0.convs.1.0,"(13, 197, 1, 2)",0
1117,classifier.0.convs.1.0,"(165, 176, 1, 2)",9
1118,classifier.0.convs.1.0,"(30, 1431, 0, 1)",4
1119,classifier.0.convs.1.0,"(137, 479, 0, 0)",22
1120,classifier.0.convs.1.0,"(11, 1866, 1, 1)",8
1121,classifier.0.convs.1.0,"(19, 1790, 0, 2)",25
1122,classifier.0.convs.1.0,"(248, 1041, 1, 2)",24
1123,classifier.0.convs.1.0,"(207, 822, 1, 1)",5
1124,classifier.0.convs.1.0,"(227, 504, 0, 2)",6
1125,classifier.0.convs.1.0,"(99, 351, 1, 1)",11
1126,classifier.0.convs.1.0,"(176, 367, 2, 2)",0
1127,classifier.0.convs.1.0,"(37, 620, 2, 2)",24
1128,classifier.0.convs.1.0,"(84, 733, 0, 0)",1
1129,classifier.0.convs.1.0,"(129, 27, 1, 2)",20
1130,classifier.0.convs.1.0,"(243, 1813, 2, 1)",7
1131,classifier.0.convs.1.0,"(43, 1590, 0, 2)",26
1132,classifier.0.convs.1.0,"(211, 44, 2, 0)",29
1133,classifier.0.convs.1.0,"(24, 853, 0, 0)",9
1134,classifier.0.convs.1.0,"(90, 1303, 0, 2)",10
1135,classifier.0.convs.1.0,"(247, 792, 2, 1)",1
1136,classifier.0.convs.1.0,"(244, 1683, 1, 0)",1
1137,classifier.0.convs.1.0,"(182, 1959, 1, 2)",3
1138,classifier.0.convs.1.0,"(43, 388, 1, 0)",10
1139,classifier.0.convs.1.0,"(201, 425, 1, 0)",28
1140,classifier.0.convs.1.0,"(35, 47, 2, 0)",19
1141,classifier.0.convs.1.0,"(89, 783, 2, 2)",29
1142,classifier.0.convs.1.0,"(48, 1261, 0, 2)",28
1143,classifier.0.convs.1.0,"(246, 1618, 2, 2)",21
1144,classifier.0.convs.1.0,"(186, 578, 1, 0)",31
1145,classifier.0.convs.1.0,"(87, 789, 2, 1)",5
1146,classifier.0.convs.1.0,"(119, 865, 2, 1)",25
1147,classifier.0.convs.1.0,"(209, 1925, 1, 0)",0
1148,classifier.0.convs.1.0,"(216, 1611, 2, 0)",19
1149,classifier.0.convs.1.0,"(80, 573, 0, 0)",15
1150,classifier.0.convs.1.0,"(178, 1938, 0, 0)",4
1151,classifier.0.convs.1.0,"(67, 1877, 1, 1)",26
1152,classifier.0.convs.1.0,"(186, 1549, 2, 0)",25
1153,classifier.0.convs.1.0,"(115, 1280, 1, 0)",6
1154,classifier.0.convs.1.0,"(98, 1128, 2, 0)",24
1155,classifier.0.convs.1.0,"(233, 839, 2, 1)",15
1156,classifier.0.convs.1.0,"(76, 446, 0, 2)",19
1157,classifier.0.convs.1.0,"(180, 714, 2, 0)",13
1158,classifier.0.convs.1.0,"(112, 414, 0, 2)",19
1159,classifier.0.convs.1.0,"(10, 1687, 2, 0)",11
1160,classifier.0.convs.1.0,"(221, 619, 1, 2)",0
1161,classifier.0.convs.1.0,"(16, 51, 1, 1)",30
1162,classifier.0.convs.1.0,"(198, 1557, 1, 2)",1
1163,classifier.0.convs.1.0,"(231, 40, 0, 1)",16
1164,classifier.0.convs.1.0,"(27, 1291, 2, 2)",19
1165,classifier.0.convs.1.0,"(10, 250, 2, 2)",20
1166,classifier.0.convs.1.0,"(68, 1253, 2, 2)",24
1167,classifier.0.convs.1.0,"(36, 1287, 1, 1)",0
1168,classifier.0.convs.1.0,"(96, 506, 2, 1)",12
1169,classifier.0.convs.1.0,"(91, 1739, 1, 1)",25
1170,classifier.0.convs.1.0,"(183, 423, 0, 1)",28
1171,classifier.0.convs.1.0,"(145, 1982, 1, 2)",11
1172,classifier.0.convs.1.0,"(115, 101, 0, 0)",23
1173,classifier.0.convs.1.0,"(126, 1515, 0, 0)",25
1174,classifier.0.convs.1.0,"(32, 71, 1, 2)",31
1175,classifier.0.convs.1.0,"(182, 1966, 0, 1)",9
1176,classifier.0.convs.1.0,"(188, 1655, 0, 0)",24
1177,classifier.0.convs.1.0,"(149, 886, 2, 2)",15
1178,classifier.0.convs.1.0,"(213, 1669, 2, 1)",25
1179,classifier.0.convs.1.0,"(77, 1668, 0, 0)",28
1180,classifier.0.convs.1.0,"(149, 889, 0, 0)",5
1181,classifier.0.convs.1.0,"(95, 1840, 2, 1)",7
1182,classifier.0.convs.1.0,"(129, 130, 2, 2)",14
1183,classifier.0.convs.1.0,"(222, 1905, 0, 1)",12
1184,classifier.0.convs.1.0,"(77, 1615, 2, 2)",12
1185,classifier.0.convs.1.0,"(142, 819, 2, 0)",12
1186,classifier.0.convs.1.0,"(177, 1575, 0, 2)",5
1187,classifier.0.convs.1.0,"(99, 679, 1, 0)",30
1188,classifier.0.convs.1.0,"(40, 1363, 0, 2)",22
1189,classifier.0.convs.1.0,"(0, 595, 2, 2)",30
1190,classifier.0.convs.1.0,"(203, 809, 1, 1)",31
1191,classifier.0.convs.1.0,"(66, 192, 2, 1)",16
1192,classifier.0.convs.1.0,"(192, 303, 2, 1)",21
1193,classifier.0.convs.1.0,"(150, 1759, 0, 0)",28
1194,classifier.0.convs.1.0,"(32, 1583, 0, 0)",29
1195,classifier.0.convs.1.0,"(6, 1097, 1, 0)",4
1196,classifier.0.convs.1.0,"(90, 1269, 2, 0)",0
1197,classifier.0.convs.1.0,"(101, 910, 0, 2)",7
1198,classifier.0.convs.1.0,"(158, 1911, 0, 2)",6
1199,classifier.0.convs.1.0,"(116, 888, 2, 2)",0
1200,classifier.0.convs.1.0,"(32, 166, 2, 2)",14
1201,classifier.0.convs.1.0,"(190, 298, 1, 1)",29
1202,classifier.0.convs.1.0,"(132, 54, 2, 1)",23
1203,classifier.0.convs.1.0,"(184, 1330, 2, 2)",28
1204,classifier.0.convs.1.0,"(24, 580, 0, 0)",2
1205,classifier.0.convs.1.0,"(161, 29, 0, 1)",14
1206,classifier.0.convs.1.0,"(127, 342, 0, 2)",20
1207,classifier.0.convs.1.0,"(187, 720, 0, 1)",24
1208,classifier.0.convs.1.0,"(212, 716, 0, 2)",20
1209,classifier.0.convs.1.0,"(136, 1938, 1, 2)",28
1210,classifier.0.convs.1.0,"(192, 1205, 1, 0)",29
1211,classifier.0.convs.1.0,"(52, 357, 1, 2)",7
1212,classifier.0.convs.1.0,"(113, 709, 0, 1)",22
1213,classifier.0.convs.1.0,"(34, 695, 2, 2)",1
1214,classifier.0.convs.1.0,"(104, 231, 2, 0)",18
1215,classifier.0.convs.1.0,"(103, 680, 2, 2)",14
1216,classifier.0.convs.1.0,"(54, 1642, 2, 0)",21
1217,classifier.0.convs.1.0,"(24, 757, 1, 2)",13
1218,classifier.0.convs.1.0,"(25, 1988, 0, 0)",11
1219,classifier.0.convs.1.0,"(92, 1016, 2, 2)",8
1220,classifier.0.convs.1.0,"(208, 94, 0, 0)",13
1221,classifier.0.convs.1.0,"(122, 1706, 2, 1)",9
1222,classifier.0.convs.1.0,"(94, 645, 1, 0)",8
1223,classifier.0.convs.1.0,"(89, 1506, 0, 1)",19
1224,classifier.0.convs.1.0,"(82, 437, 0, 2)",29
1225,classifier.0.convs.1.0,"(86, 1096, 2, 1)",24
1226,classifier.0.convs.1.0,"(50, 799, 2, 1)",26
1227,classifier.0.convs.1.0,"(125, 1927, 1, 1)",29
1228,classifier.0.convs.1.0,"(182, 1596, 1, 1)",27
1229,classifier.0.convs.1.0,"(226, 1288, 1, 0)",10
1230,classifier.0.convs.1.0,"(53, 893, 1, 1)",31
1231,classifier.0.convs.1.0,"(250, 455, 1, 0)",2
1232,classifier.0.convs.1.0,"(214, 1132, 2, 2)",23
1233,classifier.0.convs.1.0,"(190, 2015, 2, 0)",1
1234,classifier.0.convs.1.0,"(49, 286, 1, 1)",4
1235,classifier.0.convs.1.0,"(158, 1809, 1, 1)",5
1236,classifier.0.convs.1.0,"(231, 421, 1, 1)",10
1237,classifier.0.convs.1.0,"(88, 821, 0, 1)",3
1238,classifier.0.convs.1.0,"(184, 197, 1, 0)",30
1239,classifier.0.convs.1.0,"(58, 1490, 1, 2)",11
1240,classifier.0.convs.1.0,"(157, 2016, 2, 1)",28
1241,classifier.0.convs.1.0,"(36, 1899, 0, 1)",27
1242,classifier.0.convs.1.0,"(235, 1044, 2, 0)",2
1243,classifier.0.convs.1.0,"(59, 1941, 0, 0)",27
1244,classifier.0.convs.1.0,"(144, 1542, 1, 1)",16
1245,classifier.0.convs.1.0,"(251, 418, 1, 1)",16
1246,classifier.0.convs.1.0,"(24, 986, 1, 1)",19
1247,classifier.0.convs.1.0,"(45, 1389, 0, 0)",1
1248,classifier.0.convs.1.0,"(109, 1655, 0, 2)",22
1249,classifier.0.convs.1.0,"(23, 1200, 2, 1)",18
1250,classifier.0.convs.1.0,"(254, 866, 0, 1)",23
1251,classifier.0.convs.1.0,"(75, 244, 1, 2)",27
1252,classifier.0.convs.1.0,"(78, 1157, 1, 0)",21
1253,classifier.0.convs.1.0,"(251, 498, 0, 0)",2
1254,classifier.0.convs.1.0,"(209, 367, 2, 1)",15
1255,classifier.0.convs.1.0,"(122, 659, 0, 0)",7
1256,classifier.0.convs.1.0,"(207, 1266, 1, 2)",5
1257,classifier.0.convs.1.0,"(145, 902, 2, 0)",3
1258,classifier.0.convs.1.0,"(28, 1694, 2, 2)",10
1259,classifier.0.convs.1.0,"(248, 1536, 0, 1)",3
1260,classifier.0.convs.1.0,"(137, 732, 1, 0)",15
1261,classifier.0.convs.1.0,"(196, 906, 0, 2)",11
1262,classifier.0.convs.1.0,"(245, 1917, 1, 2)",10
1263,classifier.0.convs.1.0,"(198, 1564, 2, 2)",13
1264,classifier.0.convs.1.0,"(116, 434, 0, 0)",25
1265,classifier.0.convs.1.0,"(189, 1320, 2, 2)",13
1266,classifier.0.convs.1.0,"(102, 1516, 1, 0)",30
1267,classifier.0.convs.1.0,"(175, 674, 2, 1)",22
1268,classifier.0.convs.1.0,"(217, 407, 0, 2)",15
1269,classifier.0.convs.2.0,"(44, 1127, 0, 0)",19
1270,classifier.0.convs.2.0,"(119, 255, 1, 1)",18
1271,classifier.0.convs.2.0,"(127, 453, 1, 2)",3
1272,classifier.0.convs.2.0,"(164, 1308, 0, 0)",8
1273,classifier.0.convs.2.0,"(13, 1707, 1, 0)",19
1274,classifier.0.convs.2.0,"(18, 427, 1, 0)",18
1275,classifier.0.convs.2.0,"(232, 213, 0, 0)",26
1276,classifier.0.convs.2.0,"(181, 1074, 2, 0)",4
1277,classifier.0.convs.2.0,"(252, 1987, 0, 1)",31
1278,classifier.0.convs.2.0,"(85, 649, 0, 0)",30
1279,classifier.0.convs.2.0,"(145, 90, 2, 2)",20
1280,classifier.0.convs.2.0,"(110, 525, 1, 1)",10
1281,classifier.0.convs.2.0,"(255, 92, 2, 0)",25
1282,classifier.0.convs.2.0,"(34, 1816, 2, 2)",25
1283,classifier.0.convs.2.0,"(91, 1975, 1, 1)",5
1284,classifier.0.convs.2.0,"(122, 1630, 1, 2)",6
1285,classifier.0.convs.2.0,"(113, 1644, 0, 1)",17
1286,classifier.0.convs.2.0,"(119, 705, 0, 0)",26
1287,classifier.0.convs.2.0,"(215, 745, 0, 0)",13
1288,classifier.0.convs.2.0,"(84, 1047, 0, 0)",19
1289,classifier.0.convs.2.0,"(128, 294, 0, 2)",8
1290,classifier.0.convs.2.0,"(251, 1301, 2, 0)",25
1291,classifier.0.convs.2.0,"(117, 464, 1, 1)",9
1292,classifier.0.convs.2.0,"(32, 606, 2, 0)",29
1293,classifier.0.convs.2.0,"(173, 777, 1, 1)",13
1294,classifier.0.convs.2.0,"(112, 1690, 1, 1)",7
1295,classifier.0.convs.2.0,"(44, 740, 2, 0)",23
1296,classifier.0.convs.2.0,"(28, 1506, 0, 2)",22
1297,classifier.0.convs.2.0,"(70, 1830, 2, 1)",29
1298,classifier.0.convs.2.0,"(137, 1048, 1, 2)",21
1299,classifier.0.convs.2.0,"(62, 762, 2, 2)",7
1300,classifier.0.convs.2.0,"(28, 1721, 1, 0)",14
1301,classifier.0.convs.2.0,"(253, 1839, 2, 0)",23
1302,classifier.0.convs.2.0,"(228, 598, 0, 1)",17
1303,classifier.0.convs.2.0,"(144, 1902, 0, 2)",4
1304,classifier.0.convs.2.0,"(88, 927, 0, 0)",21
1305,classifier.0.convs.2.0,"(189, 1084, 1, 0)",11
1306,classifier.0.convs.2.0,"(213, 106, 2, 2)",19
1307,classifier.0.convs.2.0,"(249, 1433, 2, 0)",18
1308,classifier.0.convs.2.0,"(42, 2024, 2, 0)",15
1309,classifier.0.convs.2.0,"(238, 259, 1, 0)",8
1310,classifier.0.convs.2.0,"(254, 166, 0, 2)",25
1311,classifier.0.convs.2.0,"(20, 399, 1, 0)",31
1312,classifier.0.convs.2.0,"(202, 599, 2, 0)",10
1313,classifier.0.convs.2.0,"(45, 1822, 1, 0)",26
1314,classifier.0.convs.2.0,"(234, 1316, 1, 1)",10
1315,classifier.0.convs.2.0,"(2, 444, 1, 2)",18
1316,classifier.0.convs.2.0,"(114, 1976, 2, 2)",19
1317,classifier.0.convs.2.0,"(207, 1226, 0, 1)",10
1318,classifier.0.convs.2.0,"(80, 80, 0, 0)",20
1319,classifier.0.convs.2.0,"(213, 1859, 2, 0)",22
1320,classifier.0.convs.2.0,"(180, 1022, 1, 0)",17
1321,classifier.0.convs.2.0,"(234, 1321, 1, 0)",7
1322,classifier.0.convs.2.0,"(87, 384, 2, 2)",17
1323,classifier.0.convs.2.0,"(236, 223, 0, 1)",20
1324,classifier.0.convs.2.0,"(254, 947, 2, 0)",12
1325,classifier.0.convs.2.0,"(57, 1143, 1, 0)",9
1326,classifier.0.convs.2.0,"(113, 209, 0, 2)",21
1327,classifier.0.convs.2.0,"(87, 974, 1, 2)",24
1328,classifier.0.convs.2.0,"(120, 999, 0, 2)",5
1329,classifier.0.convs.2.0,"(158, 197, 2, 2)",28
1330,classifier.0.convs.2.0,"(128, 1636, 0, 0)",0
1331,classifier.0.convs.2.0,"(154, 1236, 0, 1)",18
1332,classifier.0.convs.2.0,"(22, 1103, 1, 2)",3
1333,classifier.0.convs.2.0,"(137, 141, 1, 1)",20
1334,classifier.0.convs.2.0,"(211, 1711, 2, 2)",22
1335,classifier.0.convs.2.0,"(101, 259, 0, 1)",2
1336,classifier.0.convs.2.0,"(214, 1644, 1, 0)",23
1337,classifier.0.convs.2.0,"(76, 260, 2, 2)",25
1338,classifier.0.convs.2.0,"(44, 1054, 0, 1)",16
1339,classifier.0.convs.2.0,"(163, 960, 2, 1)",23
1340,classifier.0.convs.2.0,"(111, 1977, 1, 1)",13
1341,classifier.0.convs.2.0,"(46, 939, 1, 2)",26
1342,classifier.0.convs.2.0,"(245, 1645, 2, 2)",13
1343,classifier.0.convs.2.0,"(84, 1706, 1, 1)",0
1344,classifier.0.convs.2.0,"(212, 794, 1, 0)",23
1345,classifier.0.convs.2.0,"(62, 198, 2, 0)",26
1346,classifier.0.convs.2.0,"(26, 538, 1, 0)",23
1347,classifier.0.convs.2.0,"(90, 1852, 1, 2)",28
1348,classifier.0.convs.2.0,"(189, 1767, 2, 0)",8
1349,classifier.0.convs.2.0,"(73, 1037, 0, 0)",8
1350,classifier.0.convs.2.0,"(196, 547, 1, 0)",19
1351,classifier.0.convs.2.0,"(115, 1514, 2, 0)",30
1352,classifier.0.convs.2.0,"(0, 1709, 0, 1)",1
1353,classifier.0.convs.2.0,"(122, 269, 2, 1)",27
1354,classifier.0.convs.2.0,"(221, 1119, 2, 0)",1
1355,classifier.0.convs.2.0,"(28, 819, 1, 1)",12
1356,classifier.0.convs.2.0,"(70, 1835, 0, 1)",14
1357,classifier.0.convs.2.0,"(182, 866, 1, 0)",23
1358,classifier.0.convs.2.0,"(204, 1524, 2, 0)",13
1359,classifier.0.convs.2.0,"(235, 1903, 0, 1)",30
1360,classifier.0.convs.2.0,"(134, 657, 0, 2)",6
1361,classifier.0.convs.2.0,"(158, 1233, 0, 0)",20
1362,classifier.0.convs.2.0,"(170, 738, 2, 2)",13
1363,classifier.0.convs.2.0,"(13, 89, 0, 1)",12
1364,classifier.0.convs.2.0,"(139, 1449, 2, 1)",2
1365,classifier.0.convs.2.0,"(189, 1006, 1, 0)",31
1366,classifier.0.convs.2.0,"(229, 1636, 1, 0)",27
1367,classifier.0.convs.2.0,"(17, 1757, 2, 1)",11
1368,classifier.0.convs.2.0,"(202, 875, 1, 0)",25
1369,classifier.0.convs.2.0,"(48, 1670, 1, 0)",25
1370,classifier.0.convs.2.0,"(79, 1614, 2, 2)",1
1371,classifier.0.convs.2.0,"(85, 1162, 1, 1)",6
1372,classifier.0.convs.2.0,"(136, 956, 2, 2)",14
1373,classifier.0.convs.2.0,"(66, 400, 1, 2)",5
1374,classifier.0.convs.2.0,"(209, 465, 1, 0)",2
1375,classifier.0.convs.2.0,"(11, 1471, 0, 0)",13
1376,classifier.0.convs.2.0,"(121, 1377, 1, 0)",5
1377,classifier.0.convs.2.0,"(193, 898, 0, 0)",3
1378,classifier.0.convs.2.0,"(61, 1343, 1, 0)",11
1379,classifier.0.convs.2.0,"(134, 896, 0, 2)",26
1380,classifier.0.convs.2.0,"(255, 737, 2, 2)",29
1381,classifier.0.convs.2.0,"(231, 260, 2, 0)",1
1382,classifier.0.convs.2.0,"(62, 1581, 2, 2)",14
1383,classifier.0.convs.2.0,"(248, 1839, 0, 1)",26
1384,classifier.0.convs.2.0,"(81, 1280, 0, 0)",4
1385,classifier.0.convs.2.0,"(166, 1709, 0, 2)",7
1386,classifier.0.convs.2.0,"(120, 47, 2, 1)",19
1387,classifier.0.convs.2.0,"(211, 514, 0, 2)",6
1388,classifier.0.convs.2.0,"(176, 1437, 0, 0)",28
1389,classifier.0.convs.2.0,"(124, 646, 0, 0)",24
1390,classifier.0.convs.2.0,"(178, 1384, 2, 0)",4
1391,classifier.0.convs.2.0,"(247, 1845, 2, 2)",1
1392,classifier.0.convs.2.0,"(75, 81, 1, 0)",1
1393,classifier.0.convs.2.0,"(226, 1469, 2, 0)",12
1394,classifier.0.convs.2.0,"(168, 1792, 1, 0)",15
1395,classifier.0.convs.2.0,"(13, 1982, 2, 2)",16
1396,classifier.0.convs.2.0,"(107, 1221, 0, 1)",2
1397,classifier.0.convs.2.0,"(215, 1524, 0, 1)",21
1398,classifier.0.convs.2.0,"(69, 1235, 2, 1)",16
1399,classifier.0.convs.2.0,"(40, 13, 1, 2)",5
1400,classifier.0.convs.2.0,"(31, 1723, 2, 0)",19
1401,classifier.0.convs.2.0,"(109, 1039, 1, 1)",26
1402,classifier.0.convs.2.0,"(183, 523, 0, 0)",3
1403,classifier.0.convs.2.0,"(192, 1304, 0, 1)",24
1404,classifier.0.convs.2.0,"(245, 756, 1, 2)",25
1405,classifier.0.convs.2.0,"(228, 229, 0, 0)",10
1406,classifier.0.convs.2.0,"(81, 263, 2, 0)",5
1407,classifier.0.convs.2.0,"(48, 358, 2, 2)",14
1408,classifier.0.convs.2.0,"(77, 1645, 1, 0)",18
1409,classifier.0.convs.2.0,"(252, 862, 2, 0)",19
1410,classifier.0.convs.2.0,"(218, 715, 2, 0)",10
1411,classifier.0.convs.2.0,"(159, 206, 0, 2)",7
1412,classifier.0.convs.2.0,"(244, 1986, 2, 1)",6
1413,classifier.0.convs.2.0,"(214, 1258, 0, 1)",29
1414,classifier.0.convs.2.0,"(194, 193, 1, 2)",1
1415,classifier.0.convs.2.0,"(245, 1494, 2, 1)",27
1416,classifier.0.convs.2.0,"(84, 396, 0, 1)",16
1417,classifier.0.convs.2.0,"(233, 1370, 0, 2)",22
1418,classifier.0.convs.2.0,"(245, 1196, 2, 1)",19
1419,classifier.0.convs.2.0,"(229, 1987, 2, 0)",14
1420,classifier.0.convs.2.0,"(246, 870, 1, 1)",16
1421,classifier.0.convs.2.0,"(104, 48, 0, 2)",13
1422,classifier.0.convs.2.0,"(249, 1357, 2, 0)",6
1423,classifier.0.convs.2.0,"(67, 1285, 1, 1)",28
1424,classifier.0.convs.2.0,"(194, 1467, 0, 0)",9
1425,classifier.0.convs.2.0,"(228, 982, 1, 1)",24
1426,classifier.0.convs.2.0,"(111, 316, 0, 1)",16
1427,classifier.0.convs.2.0,"(218, 709, 1, 2)",9
1428,classifier.0.convs.2.0,"(65, 704, 2, 0)",26
1429,classifier.0.convs.2.0,"(85, 382, 1, 2)",10
1430,classifier.0.convs.2.0,"(126, 1533, 0, 2)",10
1431,classifier.0.convs.2.0,"(119, 460, 1, 2)",18
1432,classifier.0.convs.2.0,"(204, 76, 1, 0)",30
1433,classifier.0.convs.2.0,"(244, 982, 1, 0)",3
1434,classifier.0.convs.2.0,"(65, 1920, 2, 0)",1
1435,classifier.0.convs.2.0,"(185, 1939, 0, 1)",22
1436,classifier.0.convs.2.0,"(59, 1185, 1, 1)",16
1437,classifier.0.convs.2.0,"(20, 106, 0, 0)",6
1438,classifier.0.convs.2.0,"(114, 1137, 2, 0)",24
1439,classifier.0.convs.2.0,"(92, 1005, 2, 1)",14
1440,classifier.0.convs.2.0,"(145, 657, 1, 2)",9
1441,classifier.0.convs.2.0,"(190, 482, 1, 1)",18
1442,classifier.0.convs.2.0,"(150, 1465, 1, 0)",1
1443,classifier.0.convs.2.0,"(183, 733, 1, 2)",11
1444,classifier.0.convs.2.0,"(169, 690, 0, 0)",13
1445,classifier.0.convs.2.0,"(210, 382, 0, 0)",8
1446,classifier.0.convs.2.0,"(40, 1961, 1, 2)",28
1447,classifier.0.convs.2.0,"(138, 1110, 0, 1)",24
1448,classifier.0.convs.2.0,"(131, 2002, 2, 0)",23
1449,classifier.0.convs.2.0,"(132, 2031, 0, 2)",17
1450,classifier.0.convs.2.0,"(61, 1579, 0, 1)",17
1451,classifier.0.convs.2.0,"(91, 1677, 2, 0)",20
1452,classifier.0.convs.2.0,"(129, 0, 0, 1)",30
1453,classifier.0.convs.2.0,"(97, 900, 2, 1)",19
1454,classifier.0.convs.2.0,"(188, 214, 2, 0)",26
1455,classifier.0.convs.2.0,"(47, 1649, 1, 0)",21
1456,classifier.0.convs.2.0,"(136, 22, 0, 1)",15
1457,classifier.0.convs.2.0,"(225, 1559, 0, 0)",24
1458,classifier.0.convs.2.0,"(128, 1071, 0, 2)",26
1459,classifier.0.convs.2.0,"(43, 720, 2, 2)",11
1460,classifier.0.convs.2.0,"(14, 1208, 2, 2)",21
1461,classifier.0.convs.2.0,"(229, 1499, 0, 2)",4
1462,classifier.0.convs.2.0,"(37, 704, 1, 1)",22
1463,classifier.0.convs.2.0,"(82, 1580, 1, 0)",23
1464,classifier.0.convs.2.0,"(22, 154, 1, 0)",16
1465,classifier.0.convs.2.0,"(147, 1768, 2, 2)",14
1466,classifier.0.convs.2.0,"(218, 156, 0, 0)",17
1467,classifier.0.convs.2.0,"(39, 782, 1, 1)",12
1468,classifier.0.convs.2.0,"(7, 1573, 1, 1)",29
1469,classifier.0.convs.2.0,"(186, 625, 1, 1)",21
1470,classifier.0.convs.2.0,"(163, 1649, 1, 1)",25
1471,classifier.0.convs.2.0,"(199, 301, 1, 2)",26
1472,classifier.0.convs.2.0,"(53, 387, 1, 2)",3
1473,classifier.0.convs.2.0,"(117, 823, 0, 0)",7
1474,classifier.0.convs.2.0,"(54, 1334, 0, 0)",1
1475,classifier.0.convs.2.0,"(227, 594, 2, 0)",5
1476,classifier.0.convs.2.0,"(82, 1782, 1, 2)",26
1477,classifier.0.convs.3.0,"(88, 830, 1, 0)",18
1478,classifier.0.convs.3.0,"(232, 1138, 0, 2)",14
1479,classifier.0.convs.3.0,"(68, 1175, 2, 2)",11
1480,classifier.0.convs.3.0,"(156, 898, 0, 1)",5
1481,classifier.0.convs.3.0,"(86, 674, 1, 2)",0
1482,classifier.0.convs.3.0,"(48, 53, 1, 0)",14
1483,classifier.0.convs.3.0,"(75, 1558, 2, 1)",31
1484,classifier.0.convs.3.0,"(98, 1715, 0, 0)",18
1485,classifier.0.convs.3.0,"(72, 1910, 2, 1)",27
1486,classifier.0.convs.3.0,"(1, 958, 1, 0)",17
1487,classifier.0.convs.3.0,"(153, 137, 1, 1)",17
1488,classifier.0.convs.3.0,"(151, 1212, 0, 2)",0
1489,classifier.0.convs.3.0,"(0, 1835, 1, 0)",27
1490,classifier.0.convs.3.0,"(75, 64, 0, 1)",15
1491,classifier.0.convs.3.0,"(255, 788, 1, 2)",9
1492,classifier.0.convs.3.0,"(166, 608, 0, 2)",1
1493,classifier.0.convs.3.0,"(54, 930, 0, 1)",12
1494,classifier.0.convs.3.0,"(75, 714, 2, 2)",5
1495,classifier.0.convs.3.0,"(110, 984, 0, 1)",5
1496,classifier.0.convs.3.0,"(78, 1052, 2, 0)",19
1497,classifier.0.convs.3.0,"(62, 341, 1, 0)",12
1498,classifier.0.convs.3.0,"(221, 970, 2, 1)",15
1499,classifier.0.convs.3.0,"(66, 831, 0, 1)",27
1500,classifier.0.convs.3.0,"(152, 503, 0, 2)",19
1501,classifier.0.convs.3.0,"(115, 1450, 0, 2)",8
1502,classifier.0.convs.3.0,"(191, 836, 0, 0)",15
1503,classifier.0.convs.3.0,"(42, 1149, 1, 1)",19
1504,classifier.0.convs.3.0,"(226, 690, 0, 2)",29
1505,classifier.0.convs.3.0,"(51, 1961, 2, 0)",29
1506,classifier.0.convs.3.0,"(95, 1726, 2, 1)",2
1507,classifier.0.convs.3.0,"(72, 328, 2, 2)",31
1508,classifier.0.convs.3.0,"(160, 1600, 1, 0)",13
1509,classifier.0.convs.3.0,"(236, 1223, 1, 2)",15
1510,classifier.0.convs.3.0,"(130, 2034, 0, 1)",13
1511,classifier.0.convs.3.0,"(169, 1572, 0, 1)",30
1512,classifier.0.convs.3.0,"(240, 1774, 2, 1)",13
1513,classifier.0.convs.3.0,"(78, 340, 1, 2)",25
1514,classifier.0.convs.3.0,"(75, 1719, 1, 1)",10
1515,classifier.0.convs.3.0,"(188, 827, 2, 1)",14
1516,classifier.0.convs.3.0,"(165, 1213, 2, 1)",10
1517,classifier.0.convs.3.0,"(64, 2012, 2, 1)",9
1518,classifier.0.convs.3.0,"(139, 1784, 2, 0)",13
1519,classifier.0.convs.3.0,"(203, 1272, 1, 0)",15
1520,classifier.0.convs.3.0,"(201, 20, 2, 0)",17
1521,classifier.0.convs.3.0,"(98, 1520, 1, 1)",21
1522,classifier.0.convs.3.0,"(40, 1721, 2, 0)",14
1523,classifier.0.convs.3.0,"(76, 1334, 0, 1)",31
1524,classifier.0.convs.3.0,"(45, 1675, 2, 1)",22
1525,classifier.0.convs.3.0,"(44, 1047, 0, 0)",17
1526,classifier.0.convs.3.0,"(180, 1562, 0, 1)",1
1527,classifier.0.convs.3.0,"(2, 814, 2, 1)",27
1528,classifier.0.convs.3.0,"(95, 1367, 0, 1)",19
1529,classifier.0.convs.3.0,"(40, 1104, 1, 1)",26
1530,classifier.0.convs.3.0,"(88, 360, 2, 0)",29
1531,classifier.0.convs.3.0,"(141, 1578, 1, 0)",13
1532,classifier.0.convs.3.0,"(54, 1116, 2, 2)",1
1533,classifier.0.convs.3.0,"(86, 276, 0, 0)",19
1534,classifier.0.convs.3.0,"(71, 1020, 2, 2)",29
1535,classifier.0.convs.3.0,"(166, 62, 1, 2)",7
1536,classifier.0.convs.3.0,"(26, 1801, 0, 1)",8
1537,classifier.0.convs.3.0,"(30, 386, 1, 0)",1
1538,classifier.0.convs.3.0,"(86, 739, 2, 2)",10
1539,classifier.0.convs.3.0,"(181, 1639, 0, 2)",6
1540,classifier.0.convs.3.0,"(63, 753, 2, 0)",27
1541,classifier.0.convs.3.0,"(75, 1108, 0, 2)",6
1542,classifier.0.convs.3.0,"(241, 342, 2, 1)",30
1543,classifier.0.convs.3.0,"(58, 1903, 1, 2)",10
1544,classifier.0.convs.3.0,"(64, 695, 0, 2)",29
1545,classifier.0.convs.3.0,"(137, 1392, 0, 1)",12
1546,classifier.0.convs.3.0,"(13, 1714, 1, 2)",22
1547,classifier.0.convs.3.0,"(113, 229, 1, 0)",24
1548,classifier.0.convs.3.0,"(80, 139, 1, 1)",11
1549,classifier.0.convs.3.0,"(217, 198, 2, 2)",0
1550,classifier.0.convs.3.0,"(202, 1930, 2, 2)",25
1551,classifier.0.convs.3.0,"(253, 1663, 1, 0)",29
1552,classifier.0.convs.3.0,"(187, 1093, 1, 2)",15
1553,classifier.0.convs.3.0,"(249, 1536, 0, 2)",20
1554,classifier.0.convs.3.0,"(156, 837, 1, 1)",9
1555,classifier.0.convs.3.0,"(212, 567, 1, 2)",5
1556,classifier.0.convs.3.0,"(139, 714, 2, 2)",29
1557,classifier.0.convs.3.0,"(232, 1965, 1, 0)",16
1558,classifier.0.convs.3.0,"(84, 96, 0, 2)",15
1559,classifier.0.convs.3.0,"(124, 1918, 2, 2)",15
1560,classifier.0.convs.3.0,"(55, 1449, 1, 2)",24
1561,classifier.0.convs.3.0,"(73, 1467, 2, 0)",15
1562,classifier.0.convs.3.0,"(224, 1774, 2, 1)",3
1563,classifier.0.convs.3.0,"(202, 1442, 2, 0)",0
1564,classifier.0.convs.3.0,"(85, 785, 0, 0)",31
1565,classifier.0.convs.3.0,"(245, 1811, 0, 0)",24
1566,classifier.0.convs.3.0,"(230, 1955, 1, 2)",19
1567,classifier.0.convs.3.0,"(110, 1734, 0, 1)",13
1568,classifier.0.convs.3.0,"(237, 1285, 0, 0)",5
1569,classifier.0.convs.3.0,"(191, 30, 0, 0)",19
1570,classifier.0.convs.3.0,"(141, 1169, 1, 0)",21
1571,classifier.0.convs.3.0,"(139, 1873, 1, 2)",18
1572,classifier.0.convs.3.0,"(207, 63, 2, 1)",5
1573,classifier.0.convs.3.0,"(14, 439, 1, 0)",11
1574,classifier.0.convs.3.0,"(105, 756, 2, 0)",9
1575,classifier.0.convs.3.0,"(154, 309, 1, 1)",8
1576,classifier.0.convs.3.0,"(0, 1429, 1, 2)",22
1577,classifier.0.convs.3.0,"(238, 1015, 2, 0)",24
1578,classifier.0.convs.3.0,"(69, 1006, 0, 0)",2
1579,classifier.0.convs.3.0,"(118, 1186, 1, 1)",4
1580,classifier.0.convs.3.0,"(28, 1565, 2, 2)",19
1581,classifier.0.convs.3.0,"(111, 714, 1, 0)",20
1582,classifier.0.convs.3.0,"(53, 16, 2, 0)",7
1583,classifier.0.convs.3.0,"(107, 1342, 1, 1)",14
1584,classifier.0.convs.3.0,"(59, 783, 1, 1)",23
1585,classifier.0.convs.3.0,"(137, 1671, 2, 1)",0
1586,classifier.0.convs.3.0,"(166, 1367, 2, 2)",11
1587,classifier.0.convs.3.0,"(8, 1073, 2, 1)",9
1588,classifier.0.convs.3.0,"(204, 1627, 2, 1)",4
1589,classifier.0.convs.3.0,"(19, 1438, 1, 0)",2
1590,classifier.0.convs.3.0,"(249, 411, 0, 2)",17
1591,classifier.0.convs.3.0,"(30, 1078, 0, 2)",18
1592,classifier.0.convs.3.0,"(16, 1192, 0, 0)",16
1593,classifier.0.convs.3.0,"(202, 52, 1, 1)",17
1594,classifier.0.convs.3.0,"(37, 1699, 0, 0)",16
1595,classifier.0.convs.3.0,"(141, 716, 2, 1)",7
1596,classifier.0.convs.3.0,"(118, 403, 0, 2)",26
1597,classifier.0.convs.3.0,"(235, 793, 1, 1)",30
1598,classifier.0.convs.3.0,"(237, 1376, 1, 2)",19
1599,classifier.0.convs.3.0,"(3, 249, 0, 2)",6
1600,classifier.0.convs.3.0,"(23, 703, 0, 0)",27
1601,classifier.0.convs.3.0,"(190, 1989, 0, 0)",31
1602,classifier.0.convs.3.0,"(210, 183, 0, 0)",12
1603,classifier.0.convs.3.0,"(4, 51, 2, 0)",30
1604,classifier.0.convs.3.0,"(88, 1295, 2, 2)",14
1605,classifier.0.convs.3.0,"(189, 487, 0, 1)",2
1606,classifier.0.convs.3.0,"(207, 39, 1, 0)",12
1607,classifier.0.convs.3.0,"(49, 1908, 2, 0)",29
1608,classifier.0.convs.3.0,"(89, 540, 0, 1)",21
1609,classifier.0.convs.3.0,"(179, 489, 1, 2)",0
1610,classifier.0.convs.3.0,"(12, 1444, 0, 0)",1
1611,classifier.0.convs.3.0,"(106, 1029, 1, 0)",28
1612,classifier.0.convs.3.0,"(41, 548, 2, 1)",8
1613,classifier.0.convs.3.0,"(116, 553, 2, 1)",25
1614,classifier.0.convs.3.0,"(254, 1826, 1, 1)",22
1615,classifier.0.convs.3.0,"(231, 603, 0, 0)",14
1616,classifier.0.convs.3.0,"(41, 1579, 0, 0)",4
1617,classifier.0.convs.3.0,"(200, 680, 0, 0)",26
1618,classifier.0.convs.3.0,"(214, 633, 2, 1)",25
1619,classifier.0.convs.3.0,"(228, 194, 0, 2)",30
1620,classifier.0.convs.3.0,"(151, 2035, 2, 1)",16
1621,classifier.0.convs.3.0,"(14, 293, 0, 0)",12
1622,classifier.0.convs.3.0,"(3, 1042, 2, 2)",12
1623,classifier.0.convs.3.0,"(188, 1362, 0, 0)",23
1624,classifier.0.convs.3.0,"(165, 989, 0, 0)",27
1625,classifier.0.convs.3.0,"(77, 1335, 1, 2)",20
1626,classifier.0.convs.3.0,"(198, 1324, 2, 1)",26
1627,classifier.0.convs.3.0,"(136, 467, 1, 0)",0
1628,classifier.0.convs.3.0,"(3, 676, 0, 2)",2
1629,classifier.0.convs.3.0,"(9, 1694, 2, 0)",14
1630,classifier.0.convs.3.0,"(71, 98, 0, 0)",9
1631,classifier.0.convs.3.0,"(208, 1059, 0, 0)",9
1632,classifier.0.convs.3.0,"(176, 672, 0, 0)",21
1633,classifier.0.convs.3.0,"(130, 1842, 2, 2)",11
1634,classifier.0.convs.3.0,"(244, 599, 0, 1)",25
1635,classifier.0.convs.3.0,"(34, 12, 2, 1)",18
1636,classifier.0.convs.3.0,"(198, 107, 2, 2)",4
1637,classifier.0.convs.3.0,"(69, 1926, 0, 1)",13
1638,classifier.0.convs.3.0,"(22, 197, 1, 0)",16
1639,classifier.0.convs.3.0,"(46, 1096, 0, 1)",25
1640,classifier.0.convs.3.0,"(178, 1105, 0, 1)",4
1641,classifier.0.convs.3.0,"(214, 1880, 2, 1)",30
1642,classifier.0.convs.3.0,"(75, 1914, 2, 2)",21
1643,classifier.0.convs.3.0,"(65, 1732, 0, 0)",27
1644,classifier.0.convs.3.0,"(182, 463, 1, 1)",7
1645,classifier.0.convs.3.0,"(69, 731, 1, 2)",10
1646,classifier.0.convs.3.0,"(128, 1017, 0, 2)",21
1647,classifier.0.convs.3.0,"(17, 989, 0, 1)",17
1648,classifier.0.convs.3.0,"(116, 339, 2, 2)",26
1649,classifier.0.convs.3.0,"(46, 579, 0, 1)",31
1650,classifier.0.convs.3.0,"(201, 650, 2, 1)",15
1651,classifier.0.convs.3.0,"(223, 1780, 2, 0)",18
1652,classifier.0.convs.3.0,"(88, 1459, 1, 0)",14
1653,classifier.0.convs.3.0,"(245, 281, 2, 1)",1
1654,classifier.0.convs.3.0,"(197, 1350, 0, 0)",8
1655,classifier.0.convs.3.0,"(210, 1668, 1, 2)",26
1656,classifier.0.convs.3.0,"(146, 1333, 2, 2)",27
1657,classifier.0.convs.3.0,"(234, 1657, 2, 0)",7
1658,classifier.0.convs.3.0,"(227, 811, 2, 1)",27
1659,classifier.0.convs.3.0,"(228, 1442, 1, 2)",13
1660,classifier.0.convs.3.0,"(23, 1349, 0, 1)",2
1661,classifier.0.convs.3.0,"(99, 1788, 2, 1)",14
1662,classifier.0.convs.3.0,"(1, 700, 0, 2)",1
1663,classifier.0.convs.3.0,"(168, 1008, 2, 1)",22
1664,classifier.0.convs.3.0,"(76, 718, 2, 0)",18
1665,classifier.0.convs.3.0,"(10, 1628, 2, 0)",11
1666,classifier.0.convs.3.0,"(0, 733, 1, 2)",11
1667,classifier.0.convs.3.0,"(45, 439, 2, 1)",27
1668,classifier.0.convs.3.0,"(240, 1120, 2, 0)",24
1669,classifier.0.convs.3.0,"(13, 1974, 2, 0)",29
1670,classifier.0.convs.3.0,"(117, 827, 1, 2)",21
1671,classifier.0.convs.3.0,"(136, 1377, 2, 0)",29
1672,classifier.0.convs.3.0,"(99, 1889, 1, 0)",15
1673,classifier.0.convs.3.0,"(63, 1312, 2, 1)",21
1674,classifier.0.convs.3.0,"(151, 1886, 2, 2)",8
1675,classifier.0.convs.3.0,"(255, 526, 0, 2)",12
1676,classifier.0.convs.3.0,"(120, 1854, 0, 1)",29
1677,classifier.0.convs.3.0,"(169, 1882, 0, 1)",11
1678,classifier.0.convs.3.0,"(111, 953, 2, 0)",21
1679,classifier.0.convs.3.0,"(252, 623, 0, 0)",4
1680,classifier.0.convs.3.0,"(0, 1349, 1, 1)",18
1681,classifier.0.convs.3.0,"(140, 859, 1, 0)",6
1682,classifier.0.convs.3.0,"(41, 1402, 2, 0)",27
1683,classifier.0.convs.3.0,"(217, 886, 0, 1)",2
1684,classifier.0.convs.3.0,"(110, 1628, 2, 2)",31
1685,classifier.0.convs.4.1,"(120, 159, 0, 0)",7
1686,classifier.0.convs.4.1,"(88, 1353, 0, 0)",29
1687,classifier.0.convs.4.1,"(230, 903, 0, 0)",18
1688,classifier.0.convs.4.1,"(79, 542, 0, 0)",2
1689,classifier.0.convs.4.1,"(224, 779, 0, 0)",28
1690,classifier.0.convs.4.1,"(0, 810, 0, 0)",8
1691,classifier.0.convs.4.1,"(246, 1854, 0, 0)",20
1692,classifier.0.convs.4.1,"(10, 1118, 0, 0)",4
1693,classifier.0.convs.4.1,"(205, 1281, 0, 0)",3
1694,classifier.0.convs.4.1,"(34, 356, 0, 0)",0
1695,classifier.0.convs.4.1,"(7, 1118, 0, 0)",27
1696,classifier.0.convs.4.1,"(246, 189, 0, 0)",29
1697,classifier.0.convs.4.1,"(91, 221, 0, 0)",5
1698,classifier.0.convs.4.1,"(26, 1831, 0, 0)",15
1699,classifier.0.convs.4.1,"(94, 960, 0, 0)",0
1700,classifier.0.convs.4.1,"(214, 1159, 0, 0)",5
1701,classifier.0.convs.4.1,"(106, 1184, 0, 0)",31
1702,classifier.0.convs.4.1,"(255, 1573, 0, 0)",2
1703,classifier.0.convs.4.1,"(8, 1466, 0, 0)",12
1704,classifier.0.convs.4.1,"(133, 1214, 0, 0)",3
1705,classifier.0.convs.4.1,"(39, 104, 0, 0)",31
1706,classifier.0.convs.4.1,"(236, 1132, 0, 0)",25
1707,classifier.0.convs.4.1,"(42, 1106, 0, 0)",12
1708,classifier.0.project.0,"(185, 1115, 0, 0)",30
1709,classifier.0.project.0,"(128, 592, 0, 0)",31
1710,classifier.0.project.0,"(12, 536, 0, 0)",1
1711,classifier.0.project.0,"(85, 848, 0, 0)",16
1712,classifier.0.project.0,"(49, 816, 0, 0)",3
1713,classifier.0.project.0,"(27, 727, 0, 0)",31
1714,classifier.0.project.0,"(207, 1223, 0, 0)",23
1715,classifier.0.project.0,"(190, 571, 0, 0)",18
1716,classifier.0.project.0,"(182, 647, 0, 0)",3
1717,classifier.0.project.0,"(41, 1205, 0, 0)",16
1718,classifier.0.project.0,"(254, 638, 0, 0)",18
1719,classifier.0.project.0,"(182, 788, 0, 0)",5
1720,classifier.0.project.0,"(171, 61, 0, 0)",15
1721,classifier.0.project.0,"(212, 1159, 0, 0)",15
1722,classifier.1,"(23, 133, 1, 0)",13
1723,classifier.1,"(120, 83, 2, 0)",12
1724,classifier.1,"(54, 105, 1, 2)",26
1725,classifier.1,"(29, 215, 0, 2)",7
1726,classifier.1,"(43, 219, 2, 1)",21
1727,classifier.1,"(238, 251, 1, 2)",6
1728,classifier.1,"(151, 124, 1, 1)",24
1729,classifier.1,"(45, 79, 0, 2)",28
1730,classifier.1,"(32, 174, 2, 2)",26
1731,classifier.1,"(120, 76, 0, 2)",19
1732,classifier.1,"(135, 32, 1, 1)",31
1733,classifier.1,"(27, 228, 1, 0)",13
1734,classifier.1,"(254, 156, 0, 1)",14
1735,classifier.1,"(236, 70, 0, 0)",24
1736,classifier.1,"(131, 169, 2, 2)",26
1737,classifier.1,"(152, 34, 1, 2)",7
1738,classifier.1,"(117, 17, 0, 0)",18
1739,classifier.1,"(86, 159, 0, 1)",4
1740,classifier.1,"(42, 233, 2, 1)",21
1741,classifier.1,"(165, 117, 0, 1)",25
1742,classifier.1,"(137, 217, 0, 2)",3
1743,classifier.1,"(163, 225, 1, 2)",3
1744,classifier.1,"(227, 195, 0, 0)",28
1745,classifier.1,"(11, 213, 1, 2)",31
1746,classifier.1,"(203, 2, 0, 0)",6
1747,classifier.1,"(137, 140, 1, 0)",18
1748,aux_classifier.0,"(29, 486, 1, 2)",11
1749,aux_classifier.0,"(177, 553, 1, 0)",22
1750,aux_classifier.0,"(103, 2, 0, 0)",6
1751,aux_classifier.0,"(60, 253, 2, 2)",4
1752,aux_classifier.0,"(220, 720, 2, 1)",1
1753,aux_classifier.0,"(56, 307, 2, 2)",18
1754,aux_classifier.0,"(163, 454, 1, 0)",15
1755,aux_classifier.0,"(161, 558, 1, 2)",16
1756,aux_classifier.0,"(16, 236, 0, 2)",7
1757,aux_classifier.0,"(46, 720, 1, 1)",19
1758,aux_classifier.0,"(201, 828, 1, 1)",29
1759,aux_classifier.0,"(244, 479, 1, 0)",24
1760,aux_classifier.0,"(245, 470, 1, 2)",29
1761,aux_classifier.0,"(194, 96, 1, 2)",30
1762,aux_classifier.0,"(170, 339, 2, 0)",8
1763,aux_classifier.0,"(173, 656, 0, 1)",7
1764,aux_classifier.0,"(145, 209, 2, 0)",7
1765,aux_classifier.0,"(174, 791, 2, 0)",18
1766,aux_classifier.0,"(27, 648, 0, 1)",17
1767,aux_classifier.0,"(194, 314, 2, 1)",9
1768,aux_classifier.0,"(205, 78, 1, 0)",13
1769,aux_classifier.0,"(132, 142, 0, 0)",1
1770,aux_classifier.0,"(215, 16, 0, 0)",5
1771,aux_classifier.0,"(244, 366, 1, 0)",19
1772,aux_classifier.0,"(64, 300, 1, 2)",14
1773,aux_classifier.0,"(41, 913, 1, 2)",14
1774,aux_classifier.0,"(164, 16, 0, 0)",24
1775,aux_classifier.0,"(139, 251, 1, 1)",12
1776,aux_classifier.0,"(75, 1015, 1, 2)",11
1777,aux_classifier.0,"(113, 921, 2, 2)",14
1778,aux_classifier.0,"(90, 128, 1, 2)",19
1779,aux_classifier.0,"(122, 821, 0, 1)",25
1780,aux_classifier.0,"(194, 25, 0, 1)",24
1781,aux_classifier.0,"(172, 864, 1, 0)",12
1782,aux_classifier.0,"(12, 176, 0, 1)",26
1783,aux_classifier.0,"(218, 470, 1, 1)",8
1784,aux_classifier.0,"(184, 719, 0, 2)",6
1785,aux_classifier.0,"(190, 542, 0, 0)",0
1786,aux_classifier.0,"(125, 819, 2, 0)",0
1787,aux_classifier.0,"(140, 67, 0, 1)",5
1788,aux_classifier.0,"(149, 554, 0, 0)",5
1789,aux_classifier.0,"(232, 647, 2, 0)",5
1790,aux_classifier.0,"(13, 71, 0, 0)",1
1791,aux_classifier.0,"(249, 293, 1, 1)",20
1792,aux_classifier.0,"(33, 966, 0, 1)",22
1793,aux_classifier.0,"(86, 686, 1, 1)",27
1794,aux_classifier.0,"(201, 550, 2, 0)",26
1795,aux_classifier.0,"(217, 27, 2, 0)",9
1796,aux_classifier.0,"(64, 650, 0, 0)",0
1797,aux_classifier.0,"(86, 31, 1, 0)",16
1798,aux_classifier.0,"(101, 203, 2, 2)",25
1799,aux_classifier.0,"(44, 910, 1, 2)",5
1800,aux_classifier.0,"(114, 156, 2, 2)",6
1801,aux_classifier.0,"(8, 101, 1, 1)",16
1802,aux_classifier.0,"(143, 713, 2, 1)",7
1803,aux_classifier.0,"(153, 139, 1, 1)",20
1804,aux_classifier.0,"(86, 433, 1, 1)",5
1805,aux_classifier.0,"(36, 775, 1, 1)",4
1806,aux_classifier.0,"(82, 951, 0, 0)",14
1807,aux_classifier.0,"(140, 253, 0, 2)",4
1808,aux_classifier.0,"(75, 59, 0, 2)",19
1809,aux_classifier.0,"(170, 78, 1, 2)",8
1810,aux_classifier.0,"(38, 93, 0, 0)",28
1811,aux_classifier.0,"(202, 274, 0, 1)",23
1812,aux_classifier.0,"(11, 326, 2, 1)",28
1813,aux_classifier.0,"(50, 765, 0, 2)",13
1814,aux_classifier.0,"(137, 140, 0, 2)",20
1815,aux_classifier.0,"(89, 832, 1, 1)",5
1816,aux_classifier.0,"(246, 726, 2, 2)",11
1817,aux_classifier.0,"(108, 773, 2, 1)",12
1818,aux_classifier.0,"(166, 473, 2, 0)",14
1819,aux_classifier.0,"(255, 577, 1, 0)",19
1820,aux_classifier.0,"(7, 878, 2, 1)",17
1821,aux_classifier.0,"(102, 916, 2, 1)",27
1822,aux_classifier.0,"(245, 433, 2, 1)",31
1823,aux_classifier.0,"(115, 231, 1, 0)",4
1824,aux_classifier.0,"(142, 521, 0, 1)",5
1825,aux_classifier.0,"(75, 29, 1, 1)",15
1826,aux_classifier.0,"(95, 377, 2, 0)",20
1827,aux_classifier.0,"(179, 819, 1, 1)",5
1828,aux_classifier.0,"(127, 978, 0, 2)",6
1829,aux_classifier.0,"(146, 580, 1, 2)",6
1830,aux_classifier.0,"(222, 608, 2, 2)",25
1831,aux_classifier.0,"(180, 431, 0, 1)",20
1832,aux_classifier.0,"(23, 481, 0, 2)",18
1833,aux_classifier.0,"(243, 775, 1, 2)",5
1834,aux_classifier.0,"(192, 74, 2, 0)",26
1835,aux_classifier.0,"(130, 445, 1, 2)",29
1836,aux_classifier.0,"(80, 520, 1, 0)",13
1837,aux_classifier.0,"(32, 1005, 2, 1)",18
1838,aux_classifier.0,"(3, 660, 0, 0)",13
1839,aux_classifier.0,"(111, 633, 2, 0)",24
1840,aux_classifier.0,"(10, 622, 0, 0)",15
1841,aux_classifier.0,"(140, 261, 2, 1)",4
1842,aux_classifier.0,"(149, 530, 2, 0)",7
1843,aux_classifier.0,"(249, 869, 2, 1)",5
1844,aux_classifier.0,"(213, 616, 0, 2)",15
1845,aux_classifier.0,"(35, 709, 2, 0)",20
1846,aux_classifier.0,"(112, 119, 1, 1)",7
1847,aux_classifier.0,"(234, 824, 0, 0)",14
1848,aux_classifier.0,"(195, 958, 1, 2)",31
1849,aux_classifier.0,"(198, 287, 2, 1)",28
1850,aux_classifier.0,"(45, 803, 1, 0)",15
1851,aux_classifier.0,"(129, 906, 2, 0)",18
